#
# TABLE STRUCTURE FOR: country
#

INSERT INTO country (`id`, `name`, `region`) VALUES (1, 'Christmas Island', 0);
INSERT INTO country (`id`, `name`, `region`) VALUES (2, 'Qatar', 0);
INSERT INTO country (`id`, `name`, `region`) VALUES (3, 'Northern Mariana Islands', 0);
INSERT INTO country (`id`, `name`, `region`) VALUES (4, 'Montenegro', 0);
INSERT INTO country (`id`, `name`, `region`) VALUES (5, 'Saint Martin', 0);
INSERT INTO country (`id`, `name`, `region`) VALUES (6, 'Iraq', 0);
INSERT INTO country (`id`, `name`, `region`) VALUES (7, 'Guatemala', 1);
INSERT INTO country (`id`, `name`, `region`) VALUES (8, 'El Salvador', 1);
INSERT INTO country (`id`, `name`, `region`) VALUES (9, 'Niue', 1);
INSERT INTO country (`id`, `name`, `region`) VALUES (10, 'France', 1);
INSERT INTO country (`id`, `name`, `region`) VALUES (11, 'Bosnia and Herzegovina', 1);
INSERT INTO country (`id`, `name`, `region`) VALUES (12, 'Grenada', 1);
INSERT INTO country (`id`, `name`, `region`) VALUES (13, 'Belize', 1);
INSERT INTO country (`id`, `name`, `region`) VALUES (14, 'Mauritania', 1);
INSERT INTO country (`id`, `name`, `region`) VALUES (15, 'Chad', 1);
INSERT INTO country (`id`, `name`, `region`) VALUES (16, 'Jersey', 1);
INSERT INTO country (`id`, `name`, `region`) VALUES (17, 'French Guiana', 1);
INSERT INTO country (`id`, `name`, `region`) VALUES (18, 'Dominica', 2);
INSERT INTO country (`id`, `name`, `region`) VALUES (19, 'Georgia', 2);
INSERT INTO country (`id`, `name`, `region`) VALUES (20, 'Ecuador', 2);
INSERT INTO country (`id`, `name`, `region`) VALUES (21, 'Spain', 2);
INSERT INTO country (`id`, `name`, `region`) VALUES (22, 'Panama', 2);
INSERT INTO country (`id`, `name`, `region`) VALUES (23, 'Eritrea', 2);
INSERT INTO country (`id`, `name`, `region`) VALUES (24, 'Ireland', 2);
INSERT INTO country (`id`, `name`, `region`) VALUES (25, 'Turks and Caicos Islands', 2);
INSERT INTO country (`id`, `name`, `region`) VALUES (26, 'Vietnam', 2);
INSERT INTO country (`id`, `name`, `region`) VALUES (27, 'Swaziland', 2);
INSERT INTO country (`id`, `name`, `region`) VALUES (28, 'Uruguay', 2);
INSERT INTO country (`id`, `name`, `region`) VALUES (29, 'Reunion', 2);
INSERT INTO country (`id`, `name`, `region`) VALUES (30, 'Armenia', 3);
INSERT INTO country (`id`, `name`, `region`) VALUES (31, 'Fiji', 3);
INSERT INTO country (`id`, `name`, `region`) VALUES (32, 'Austria', 3);
INSERT INTO country (`id`, `name`, `region`) VALUES (33, 'Singapore', 3);
INSERT INTO country (`id`, `name`, `region`) VALUES (34, 'Anguilla', 3);
INSERT INTO country (`id`, `name`, `region`) VALUES (35, 'New Zealand', 3);
INSERT INTO country (`id`, `name`, `region`) VALUES (36, 'Vanuatu', 3);
INSERT INTO country (`id`, `name`, `region`) VALUES (37, 'Switzerland', 3);
INSERT INTO country (`id`, `name`, `region`) VALUES (38, 'British Indian Ocean Territory (Chagos Archipelago)', 3);
INSERT INTO country (`id`, `name`, `region`) VALUES (39, 'Liechtenstein', 3);
INSERT INTO country (`id`, `name`, `region`) VALUES (40, 'Gabon', 3);
INSERT INTO country (`id`, `name`, `region`) VALUES (41, 'Bulgaria', 3);
INSERT INTO country (`id`, `name`, `region`) VALUES (42, 'Venezuela', 3);
INSERT INTO country (`id`, `name`, `region`) VALUES (43, 'Kenya', 3);
INSERT INTO country (`id`, `name`, `region`) VALUES (44, 'Benin', 4);
INSERT INTO country (`id`, `name`, `region`) VALUES (45, 'Faroe Islands', 4);
INSERT INTO country (`id`, `name`, `region`) VALUES (46, 'Monaco', 4);
INSERT INTO country (`id`, `name`, `region`) VALUES (47, 'Falkland Islands (Malvinas)', 4);
INSERT INTO country (`id`, `name`, `region`) VALUES (48, 'Jordan', 4);
INSERT INTO country (`id`, `name`, `region`) VALUES (49, 'Equatorial Guinea', 4);
INSERT INTO country (`id`, `name`, `region`) VALUES (50, 'Bhutan', 4);
INSERT INTO country (`id`, `name`, `region`) VALUES (51, 'Finland', 4);
INSERT INTO country (`id`, `name`, `region`) VALUES (52, 'Albania', 0);
INSERT INTO country (`id`, `name`, `region`) VALUES (53, 'Egypt', 0);
INSERT INTO country (`id`, `name`, `region`) VALUES (54, 'Guadeloupe', 0);
INSERT INTO country (`id`, `name`, `region`) VALUES (55, 'Korea', 0);
INSERT INTO country (`id`, `name`, `region`) VALUES (56, 'China', 0);
INSERT INTO country (`id`, `name`, `region`) VALUES (57, 'Honduras', 0);
INSERT INTO country (`id`, `name`, `region`) VALUES (58, 'Nepal', 0);
INSERT INTO country (`id`, `name`, `region`) VALUES (59, 'Isle of Man', 0);
INSERT INTO country (`id`, `name`, `region`) VALUES (60, 'Norway', 0);
INSERT INTO country (`id`, `name`, `region`) VALUES (61, 'Djibouti', 0);
INSERT INTO country (`id`, `name`, `region`) VALUES (62, 'Turkey', 1);
INSERT INTO country (`id`, `name`, `region`) VALUES (63, 'Denmark', 1);
INSERT INTO country (`id`, `name`, `region`) VALUES (64, 'Sri Lanka', 1);
INSERT INTO country (`id`, `name`, `region`) VALUES (65, 'Seychelles', 1);
INSERT INTO country (`id`, `name`, `region`) VALUES (66, 'Lebanon', 1);
INSERT INTO country (`id`, `name`, `region`) VALUES (67, 'Argentina', 1);
INSERT INTO country (`id`, `name`, `region`) VALUES (68, 'Gibraltar', 1);
INSERT INTO country (`id`, `name`, `region`) VALUES (69, 'Angola', 1);
INSERT INTO country (`id`, `name`, `region`) VALUES (70, 'Lesotho', 1);
INSERT INTO country (`id`, `name`, `region`) VALUES (71, 'Syrian Arab Republic', 1);
INSERT INTO country (`id`, `name`, `region`) VALUES (72, 'French Southern Territories', 1);
INSERT INTO country (`id`, `name`, `region`) VALUES (73, 'Mayotte', 2);
INSERT INTO country (`id`, `name`, `region`) VALUES (74, 'Brazil', 2);
INSERT INTO country (`id`, `name`, `region`) VALUES (75, 'Palau', 2);
INSERT INTO country (`id`, `name`, `region`) VALUES (76, 'Greece', 2);
INSERT INTO country (`id`, `name`, `region`) VALUES (77, 'Afghanistan', 2);
INSERT INTO country (`id`, `name`, `region`) VALUES (78, 'Nicaragua', 2);
INSERT INTO country (`id`, `name`, `region`) VALUES (79, 'Saint Barthelemy', 2);
INSERT INTO country (`id`, `name`, `region`) VALUES (80, 'Hungary', 2);
INSERT INTO country (`id`, `name`, `region`) VALUES (81, 'Yemen', 2);
INSERT INTO country (`id`, `name`, `region`) VALUES (82, 'Suriname', 2);
INSERT INTO country (`id`, `name`, `region`) VALUES (83, 'Montserrat', 1);
INSERT INTO country (`id`, `name`, `region`) VALUES (84, 'Romania', 1);
INSERT INTO country (`id`, `name`, `region`) VALUES (85, 'Sweden', 1);
INSERT INTO country (`id`, `name`, `region`) VALUES (86, 'Niger', 1);
INSERT INTO country (`id`, `name`, `region`) VALUES (87, 'Latvia', 1);
INSERT INTO country (`id`, `name`, `region`) VALUES (88, 'Guernsey', 1);
INSERT INTO country (`id`, `name`, `region`) VALUES (89, 'Sudan', 1);
INSERT INTO country (`id`, `name`, `region`) VALUES (90, 'United Arab Emirates', 2);
INSERT INTO country (`id`, `name`, `region`) VALUES (91, 'Palestinian Territory', 2);
INSERT INTO country (`id`, `name`, `region`) VALUES (92, 'Burundi', 2);
INSERT INTO country (`id`, `name`, `region`) VALUES (93, 'Trinidad and Tobago', 2);
INSERT INTO country (`id`, `name`, `region`) VALUES (94, 'Barbados', 2);
INSERT INTO country (`id`, `name`, `region`) VALUES (95, 'Andorra', 2);
INSERT INTO country (`id`, `name`, `region`) VALUES (96, 'Pakistan', 3);
INSERT INTO country (`id`, `name`, `region`) VALUES (97, 'Papua New Guinea', 3);
INSERT INTO country (`id`, `name`, `region`) VALUES (98, 'Mongolia', 3);
INSERT INTO country (`id`, `name`, `region`) VALUES (99, 'Slovakia (Slovak Republic)', 3);
INSERT INTO country (`id`, `name`, `region`) VALUES (100, 'French Polynesia', 3);


#
# TABLE STRUCTURE FOR: city
#


INSERT INTO city (`id`, `name`, `country_id`) VALUES (1, 'Sofiaville', 73);
INSERT INTO city (`id`, `name`, `country_id`) VALUES (2, 'Lake Shemarshire', 28);
INSERT INTO city (`id`, `name`, `country_id`) VALUES (3, 'Port Gus', 9);
INSERT INTO city (`id`, `name`, `country_id`) VALUES (4, 'Ilachester', 14);
INSERT INTO city (`id`, `name`, `country_id`) VALUES (5, 'Littleport', 6);
INSERT INTO city (`id`, `name`, `country_id`) VALUES (6, 'Port Chaimhaven', 100);
INSERT INTO city (`id`, `name`, `country_id`) VALUES (7, 'Russelfort', 40);
INSERT INTO city (`id`, `name`, `country_id`) VALUES (8, 'East Dorianton', 94);
INSERT INTO city (`id`, `name`, `country_id`) VALUES (9, 'Anjalibury', 50);
INSERT INTO city (`id`, `name`, `country_id`) VALUES (10, 'North Cora', 95);
INSERT INTO city (`id`, `name`, `country_id`) VALUES (11, 'Port Graysonborough', 79);
INSERT INTO city (`id`, `name`, `country_id`) VALUES (12, 'Port Cooperfurt', 3);
INSERT INTO city (`id`, `name`, `country_id`) VALUES (13, 'Ortizfort', 80);
INSERT INTO city (`id`, `name`, `country_id`) VALUES (14, 'Rylanhaven', 98);
INSERT INTO city (`id`, `name`, `country_id`) VALUES (15, 'Spencerfort', 7);
INSERT INTO city (`id`, `name`, `country_id`) VALUES (16, 'Janessaton', 18);
INSERT INTO city (`id`, `name`, `country_id`) VALUES (17, 'Joeltown', 91);
INSERT INTO city (`id`, `name`, `country_id`) VALUES (18, 'South Nashfort', 72);
INSERT INTO city (`id`, `name`, `country_id`) VALUES (19, 'West Athena', 35);
INSERT INTO city (`id`, `name`, `country_id`) VALUES (20, 'East Joesphport', 35);
INSERT INTO city (`id`, `name`, `country_id`) VALUES (21, 'Alfordside', 94);
INSERT INTO city (`id`, `name`, `country_id`) VALUES (22, 'Barrowsstad', 69);
INSERT INTO city (`id`, `name`, `country_id`) VALUES (23, 'Thadfurt', 10);
INSERT INTO city (`id`, `name`, `country_id`) VALUES (24, 'Mosciskifurt', 6);
INSERT INTO city (`id`, `name`, `country_id`) VALUES (25, 'Brownborough', 67);
INSERT INTO city (`id`, `name`, `country_id`) VALUES (26, 'Welchchester', 90);
INSERT INTO city (`id`, `name`, `country_id`) VALUES (27, 'Kayleyborough', 67);
INSERT INTO city (`id`, `name`, `country_id`) VALUES (28, 'New Kaylahborough', 51);
INSERT INTO city (`id`, `name`, `country_id`) VALUES (29, 'Lake Sandrahaven', 33);
INSERT INTO city (`id`, `name`, `country_id`) VALUES (30, 'Sporerport', 26);
INSERT INTO city (`id`, `name`, `country_id`) VALUES (31, 'New Danielaport', 94);
INSERT INTO city (`id`, `name`, `country_id`) VALUES (32, 'Lake Crystalport', 6);
INSERT INTO city (`id`, `name`, `country_id`) VALUES (33, 'Sipesstad', 54);
INSERT INTO city (`id`, `name`, `country_id`) VALUES (34, 'Grimestown', 2);
INSERT INTO city (`id`, `name`, `country_id`) VALUES (35, 'Daughertytown', 19);
INSERT INTO city (`id`, `name`, `country_id`) VALUES (36, 'Kayport', 59);
INSERT INTO city (`id`, `name`, `country_id`) VALUES (37, 'Brownton', 2);
INSERT INTO city (`id`, `name`, `country_id`) VALUES (38, 'West Ovaborough', 59);
INSERT INTO city (`id`, `name`, `country_id`) VALUES (39, 'West Orlo', 52);
INSERT INTO city (`id`, `name`, `country_id`) VALUES (40, 'Reynoldsfort', 51);
INSERT INTO city (`id`, `name`, `country_id`) VALUES (41, 'West Eldridge', 53);
INSERT INTO city (`id`, `name`, `country_id`) VALUES (42, 'Jonathonmouth', 31);
INSERT INTO city (`id`, `name`, `country_id`) VALUES (43, 'Lake Meggie', 54);
INSERT INTO city (`id`, `name`, `country_id`) VALUES (44, 'West Fordborough', 33);
INSERT INTO city (`id`, `name`, `country_id`) VALUES (45, 'Port Fidel', 28);
INSERT INTO city (`id`, `name`, `country_id`) VALUES (46, 'West Greysonside', 60);
INSERT INTO city (`id`, `name`, `country_id`) VALUES (47, 'Framiberg', 50);
INSERT INTO city (`id`, `name`, `country_id`) VALUES (48, 'West Josefashire', 18);
INSERT INTO city (`id`, `name`, `country_id`) VALUES (49, 'Port Mylene', 31);
INSERT INTO city (`id`, `name`, `country_id`) VALUES (50, 'Lizzieton', 84);
INSERT INTO city (`id`, `name`, `country_id`) VALUES (51, 'Wizahaven', 53);
INSERT INTO city (`id`, `name`, `country_id`) VALUES (52, 'Port Okeyton', 25);
INSERT INTO city (`id`, `name`, `country_id`) VALUES (53, 'Lake Brodytown', 53);
INSERT INTO city (`id`, `name`, `country_id`) VALUES (54, 'West Candidaland', 63);
INSERT INTO city (`id`, `name`, `country_id`) VALUES (55, 'Port Cydneyville', 31);
INSERT INTO city (`id`, `name`, `country_id`) VALUES (56, 'Corkeryside', 20);
INSERT INTO city (`id`, `name`, `country_id`) VALUES (57, 'Lake Caterina', 52);
INSERT INTO city (`id`, `name`, `country_id`) VALUES (58, 'North Colleenshire', 98);
INSERT INTO city (`id`, `name`, `country_id`) VALUES (59, 'Jaskolskishire', 70);
INSERT INTO city (`id`, `name`, `country_id`) VALUES (60, 'Lake Freemanbury', 85);
INSERT INTO city (`id`, `name`, `country_id`) VALUES (61, 'Toreyberg', 23);
INSERT INTO city (`id`, `name`, `country_id`) VALUES (62, 'Port Garett', 64);
INSERT INTO city (`id`, `name`, `country_id`) VALUES (63, 'Hilllmouth', 90);
INSERT INTO city (`id`, `name`, `country_id`) VALUES (64, 'West Alisa', 77);
INSERT INTO city (`id`, `name`, `country_id`) VALUES (65, 'Kuvalischester', 65);
INSERT INTO city (`id`, `name`, `country_id`) VALUES (66, 'Reichertfurt', 9);
INSERT INTO city (`id`, `name`, `country_id`) VALUES (67, 'Adelialand', 35);
INSERT INTO city (`id`, `name`, `country_id`) VALUES (68, 'North Ahmedshire', 66);
INSERT INTO city (`id`, `name`, `country_id`) VALUES (69, 'South Miaton', 67);
INSERT INTO city (`id`, `name`, `country_id`) VALUES (70, 'Lake Yasminefurt', 87);
INSERT INTO city (`id`, `name`, `country_id`) VALUES (71, 'Howellchester', 17);
INSERT INTO city (`id`, `name`, `country_id`) VALUES (72, 'Stammhaven', 20);
INSERT INTO city (`id`, `name`, `country_id`) VALUES (73, 'Bahringermouth', 17);
INSERT INTO city (`id`, `name`, `country_id`) VALUES (74, 'East Odelltown', 71);
INSERT INTO city (`id`, `name`, `country_id`) VALUES (75, 'Port Janniestad', 53);
INSERT INTO city (`id`, `name`, `country_id`) VALUES (76, 'Lake Martinachester', 44);
INSERT INTO city (`id`, `name`, `country_id`) VALUES (77, 'North Jazlyn', 30);
INSERT INTO city (`id`, `name`, `country_id`) VALUES (78, 'Koryland', 2);
INSERT INTO city (`id`, `name`, `country_id`) VALUES (79, 'Wiegandshire', 62);
INSERT INTO city (`id`, `name`, `country_id`) VALUES (80, 'Dashawnberg', 61);
INSERT INTO city (`id`, `name`, `country_id`) VALUES (81, 'Cullenton', 86);
INSERT INTO city (`id`, `name`, `country_id`) VALUES (82, 'East Stonefurt', 15);
INSERT INTO city (`id`, `name`, `country_id`) VALUES (83, 'Huelside', 86);
INSERT INTO city (`id`, `name`, `country_id`) VALUES (84, 'Quigleytown', 39);
INSERT INTO city (`id`, `name`, `country_id`) VALUES (85, 'Port Abbeymouth', 77);
INSERT INTO city (`id`, `name`, `country_id`) VALUES (86, 'East Teagan', 16);
INSERT INTO city (`id`, `name`, `country_id`) VALUES (87, 'Wilkinsonmouth', 59);
INSERT INTO city (`id`, `name`, `country_id`) VALUES (88, 'East Daniella', 29);
INSERT INTO city (`id`, `name`, `country_id`) VALUES (89, 'Adrienneshire', 13);
INSERT INTO city (`id`, `name`, `country_id`) VALUES (90, 'North Deronchester', 29);
INSERT INTO city (`id`, `name`, `country_id`) VALUES (91, 'Port Henry', 13);
INSERT INTO city (`id`, `name`, `country_id`) VALUES (92, 'Lelahbury', 36);
INSERT INTO city (`id`, `name`, `country_id`) VALUES (93, 'West Allen', 92);
INSERT INTO city (`id`, `name`, `country_id`) VALUES (94, 'West Wade', 2);
INSERT INTO city (`id`, `name`, `country_id`) VALUES (95, 'Port Furman', 12);
INSERT INTO city (`id`, `name`, `country_id`) VALUES (96, 'East Lorine', 56);
INSERT INTO city (`id`, `name`, `country_id`) VALUES (97, 'Nitzschehaven', 10);
INSERT INTO city (`id`, `name`, `country_id`) VALUES (98, 'North Wilburn', 46);
INSERT INTO city (`id`, `name`, `country_id`) VALUES (99, 'Port Edyth', 22);
INSERT INTO city (`id`, `name`, `country_id`) VALUES (100, 'Ambrosemouth', 77);
INSERT INTO city (`id`, `name`, `country_id`) VALUES (101, 'Altenwerthmouth', 32);
INSERT INTO city (`id`, `name`, `country_id`) VALUES (102, 'East Kurtisberg', 39);
INSERT INTO city (`id`, `name`, `country_id`) VALUES (103, 'North Duaneton', 97);
INSERT INTO city (`id`, `name`, `country_id`) VALUES (104, 'Bednarview', 49);
INSERT INTO city (`id`, `name`, `country_id`) VALUES (105, 'Botsfordmouth', 9);
INSERT INTO city (`id`, `name`, `country_id`) VALUES (106, 'Eldridgeview', 49);
INSERT INTO city (`id`, `name`, `country_id`) VALUES (107, 'Wuckertmouth', 93);
INSERT INTO city (`id`, `name`, `country_id`) VALUES (108, 'Adrianton', 38);
INSERT INTO city (`id`, `name`, `country_id`) VALUES (109, 'Morissettechester', 51);
INSERT INTO city (`id`, `name`, `country_id`) VALUES (110, 'Goldaton', 54);
INSERT INTO city (`id`, `name`, `country_id`) VALUES (111, 'New Jasen', 98);
INSERT INTO city (`id`, `name`, `country_id`) VALUES (112, 'Garnettside', 37);
INSERT INTO city (`id`, `name`, `country_id`) VALUES (113, 'Kenyattafort', 69);
INSERT INTO city (`id`, `name`, `country_id`) VALUES (114, 'Lake Kaleb', 83);
INSERT INTO city (`id`, `name`, `country_id`) VALUES (115, 'Kozeyfurt', 76);
INSERT INTO city (`id`, `name`, `country_id`) VALUES (116, 'Lake Christine', 45);
INSERT INTO city (`id`, `name`, `country_id`) VALUES (117, 'East Valentinechester', 99);
INSERT INTO city (`id`, `name`, `country_id`) VALUES (118, 'New Helenamouth', 34);
INSERT INTO city (`id`, `name`, `country_id`) VALUES (119, 'New Faustoburgh', 74);
INSERT INTO city (`id`, `name`, `country_id`) VALUES (120, 'Port Manuelfort', 11);
INSERT INTO city (`id`, `name`, `country_id`) VALUES (121, 'Majorville', 62);
INSERT INTO city (`id`, `name`, `country_id`) VALUES (122, 'New Kristymouth', 86);
INSERT INTO city (`id`, `name`, `country_id`) VALUES (123, 'New Marquesland', 46);
INSERT INTO city (`id`, `name`, `country_id`) VALUES (124, 'Vonfurt', 53);
INSERT INTO city (`id`, `name`, `country_id`) VALUES (125, 'Port Clevelandburgh', 88);
INSERT INTO city (`id`, `name`, `country_id`) VALUES (126, 'Beattyport', 58);
INSERT INTO city (`id`, `name`, `country_id`) VALUES (127, 'South Chanel', 9);
INSERT INTO city (`id`, `name`, `country_id`) VALUES (128, 'Bodemouth', 98);
INSERT INTO city (`id`, `name`, `country_id`) VALUES (129, 'Greenfelderborough', 4);
INSERT INTO city (`id`, `name`, `country_id`) VALUES (130, 'Brooklynchester', 31);
INSERT INTO city (`id`, `name`, `country_id`) VALUES (131, 'South Cleta', 75);
INSERT INTO city (`id`, `name`, `country_id`) VALUES (132, 'West Darienmouth', 36);
INSERT INTO city (`id`, `name`, `country_id`) VALUES (133, 'Paucekmouth', 69);
INSERT INTO city (`id`, `name`, `country_id`) VALUES (134, 'Hilllchester', 72);
INSERT INTO city (`id`, `name`, `country_id`) VALUES (135, 'Noreneburgh', 84);
INSERT INTO city (`id`, `name`, `country_id`) VALUES (136, 'Haileeton', 77);
INSERT INTO city (`id`, `name`, `country_id`) VALUES (137, 'Vickiemouth', 21);
INSERT INTO city (`id`, `name`, `country_id`) VALUES (138, 'Port Kelley', 76);
INSERT INTO city (`id`, `name`, `country_id`) VALUES (139, 'South Kaley', 15);
INSERT INTO city (`id`, `name`, `country_id`) VALUES (140, 'Toychester', 72);
INSERT INTO city (`id`, `name`, `country_id`) VALUES (141, 'Lake Macy', 30);
INSERT INTO city (`id`, `name`, `country_id`) VALUES (142, 'Lizzieport', 13);
INSERT INTO city (`id`, `name`, `country_id`) VALUES (143, 'Millsmouth', 8);
INSERT INTO city (`id`, `name`, `country_id`) VALUES (144, 'West Linnie', 98);
INSERT INTO city (`id`, `name`, `country_id`) VALUES (145, 'Lake Everett', 96);
INSERT INTO city (`id`, `name`, `country_id`) VALUES (146, 'Suzanneborough', 84);
INSERT INTO city (`id`, `name`, `country_id`) VALUES (147, 'Robertsport', 43);
INSERT INTO city (`id`, `name`, `country_id`) VALUES (148, 'Blickburgh', 94);
INSERT INTO city (`id`, `name`, `country_id`) VALUES (149, 'Friesenbury', 17);
INSERT INTO city (`id`, `name`, `country_id`) VALUES (150, 'North Cornell', 16);
INSERT INTO city (`id`, `name`, `country_id`) VALUES (151, 'Nigelburgh', 5);
INSERT INTO city (`id`, `name`, `country_id`) VALUES (152, 'West Eulaliaborough', 79);
INSERT INTO city (`id`, `name`, `country_id`) VALUES (153, 'Otistown', 2);
INSERT INTO city (`id`, `name`, `country_id`) VALUES (154, 'Port Carterland', 51);
INSERT INTO city (`id`, `name`, `country_id`) VALUES (155, 'Lueilwitzmouth', 32);
INSERT INTO city (`id`, `name`, `country_id`) VALUES (156, 'Orvaltown', 89);
INSERT INTO city (`id`, `name`, `country_id`) VALUES (157, 'Lake Bettye', 8);
INSERT INTO city (`id`, `name`, `country_id`) VALUES (158, 'McDermottfurt', 40);
INSERT INTO city (`id`, `name`, `country_id`) VALUES (159, 'South Mozellside', 87);
INSERT INTO city (`id`, `name`, `country_id`) VALUES (160, 'New Alena', 11);
INSERT INTO city (`id`, `name`, `country_id`) VALUES (161, 'Port Quintonmouth', 70);
INSERT INTO city (`id`, `name`, `country_id`) VALUES (162, 'Hermanville', 61);
INSERT INTO city (`id`, `name`, `country_id`) VALUES (163, 'North Jerrell', 47);
INSERT INTO city (`id`, `name`, `country_id`) VALUES (164, 'North Alleneville', 39);
INSERT INTO city (`id`, `name`, `country_id`) VALUES (165, 'South Sigurd', 32);
INSERT INTO city (`id`, `name`, `country_id`) VALUES (166, 'Stiedemannberg', 30);
INSERT INTO city (`id`, `name`, `country_id`) VALUES (167, 'West Nicholas', 15);
INSERT INTO city (`id`, `name`, `country_id`) VALUES (168, 'North Haileefurt', 52);
INSERT INTO city (`id`, `name`, `country_id`) VALUES (169, 'North Ashlynn', 5);
INSERT INTO city (`id`, `name`, `country_id`) VALUES (170, 'West Christineside', 30);
INSERT INTO city (`id`, `name`, `country_id`) VALUES (171, 'Lindside', 23);
INSERT INTO city (`id`, `name`, `country_id`) VALUES (172, 'Westbury', 35);
INSERT INTO city (`id`, `name`, `country_id`) VALUES (173, 'South Sammymouth', 42);
INSERT INTO city (`id`, `name`, `country_id`) VALUES (174, 'Morarview', 31);
INSERT INTO city (`id`, `name`, `country_id`) VALUES (175, 'Kleinburgh', 32);
INSERT INTO city (`id`, `name`, `country_id`) VALUES (176, 'Port Ursulaville', 37);
INSERT INTO city (`id`, `name`, `country_id`) VALUES (177, 'Kesslerchester', 14);
INSERT INTO city (`id`, `name`, `country_id`) VALUES (178, 'West Gennaro', 75);
INSERT INTO city (`id`, `name`, `country_id`) VALUES (179, 'Lennamouth', 31);
INSERT INTO city (`id`, `name`, `country_id`) VALUES (180, 'Paulashire', 31);
INSERT INTO city (`id`, `name`, `country_id`) VALUES (181, 'New Jayden', 90);
INSERT INTO city (`id`, `name`, `country_id`) VALUES (182, 'Jamalville', 35);
INSERT INTO city (`id`, `name`, `country_id`) VALUES (183, 'East Carahaven', 9);
INSERT INTO city (`id`, `name`, `country_id`) VALUES (184, 'South Lavon', 91);
INSERT INTO city (`id`, `name`, `country_id`) VALUES (185, 'South Margot', 85);
INSERT INTO city (`id`, `name`, `country_id`) VALUES (186, 'Nolanfort', 41);
INSERT INTO city (`id`, `name`, `country_id`) VALUES (187, 'Mayerton', 80);
INSERT INTO city (`id`, `name`, `country_id`) VALUES (188, 'Makaylaborough', 93);
INSERT INTO city (`id`, `name`, `country_id`) VALUES (189, 'Hettingerberg', 80);
INSERT INTO city (`id`, `name`, `country_id`) VALUES (190, 'Ericfort', 66);
INSERT INTO city (`id`, `name`, `country_id`) VALUES (191, 'South Juliusborough', 3);
INSERT INTO city (`id`, `name`, `country_id`) VALUES (192, 'South Sarah', 50);
INSERT INTO city (`id`, `name`, `country_id`) VALUES (193, 'West Pabloshire', 27);
INSERT INTO city (`id`, `name`, `country_id`) VALUES (194, 'Efraintown', 49);
INSERT INTO city (`id`, `name`, `country_id`) VALUES (195, 'New Chasity', 88);
INSERT INTO city (`id`, `name`, `country_id`) VALUES (196, 'Powlowskiside', 58);
INSERT INTO city (`id`, `name`, `country_id`) VALUES (197, 'North Estellafurt', 79);
INSERT INTO city (`id`, `name`, `country_id`) VALUES (198, 'South Jaquelinburgh', 3);
INSERT INTO city (`id`, `name`, `country_id`) VALUES (199, 'Port Andrewberg', 10);
INSERT INTO city (`id`, `name`, `country_id`) VALUES (200, 'East Tess', 84);
INSERT INTO city (`id`, `name`, `country_id`) VALUES (201, 'Thielmouth', 32);
INSERT INTO city (`id`, `name`, `country_id`) VALUES (202, 'Mozellefurt', 33);
INSERT INTO city (`id`, `name`, `country_id`) VALUES (203, 'Katharinaberg', 18);
INSERT INTO city (`id`, `name`, `country_id`) VALUES (204, 'Shirleyhaven', 73);
INSERT INTO city (`id`, `name`, `country_id`) VALUES (205, 'Wilberport', 63);
INSERT INTO city (`id`, `name`, `country_id`) VALUES (206, 'Lake Michelton', 50);
INSERT INTO city (`id`, `name`, `country_id`) VALUES (207, 'Port Manuel', 10);
INSERT INTO city (`id`, `name`, `country_id`) VALUES (208, 'Wilfredtown', 77);
INSERT INTO city (`id`, `name`, `country_id`) VALUES (209, 'Shaniatown', 24);
INSERT INTO city (`id`, `name`, `country_id`) VALUES (210, 'Kosstown', 40);
INSERT INTO city (`id`, `name`, `country_id`) VALUES (211, 'Tyraburgh', 7);
INSERT INTO city (`id`, `name`, `country_id`) VALUES (212, 'Kuhicfurt', 13);
INSERT INTO city (`id`, `name`, `country_id`) VALUES (213, 'West Pascale', 74);
INSERT INTO city (`id`, `name`, `country_id`) VALUES (214, 'Lake Lance', 16);
INSERT INTO city (`id`, `name`, `country_id`) VALUES (215, 'South Monroe', 4);
INSERT INTO city (`id`, `name`, `country_id`) VALUES (216, 'New Troy', 59);
INSERT INTO city (`id`, `name`, `country_id`) VALUES (217, 'West Irmaport', 56);
INSERT INTO city (`id`, `name`, `country_id`) VALUES (218, 'Jacobichester', 84);
INSERT INTO city (`id`, `name`, `country_id`) VALUES (219, 'South Zion', 51);
INSERT INTO city (`id`, `name`, `country_id`) VALUES (220, 'Lake Greyson', 36);
INSERT INTO city (`id`, `name`, `country_id`) VALUES (221, 'Port Rodland', 50);
INSERT INTO city (`id`, `name`, `country_id`) VALUES (222, 'Port Maudiefurt', 54);
INSERT INTO city (`id`, `name`, `country_id`) VALUES (223, 'Nikkomouth', 85);
INSERT INTO city (`id`, `name`, `country_id`) VALUES (224, 'Mikefort', 76);
INSERT INTO city (`id`, `name`, `country_id`) VALUES (225, 'West Lemuel', 3);
INSERT INTO city (`id`, `name`, `country_id`) VALUES (226, 'New Amiyamouth', 73);
INSERT INTO city (`id`, `name`, `country_id`) VALUES (227, 'South Leonelhaven', 34);
INSERT INTO city (`id`, `name`, `country_id`) VALUES (228, 'West Gradymouth', 81);
INSERT INTO city (`id`, `name`, `country_id`) VALUES (229, 'Pasqualeview', 75);
INSERT INTO city (`id`, `name`, `country_id`) VALUES (230, 'Virginieborough', 43);
INSERT INTO city (`id`, `name`, `country_id`) VALUES (231, 'West Adolfo', 65);
INSERT INTO city (`id`, `name`, `country_id`) VALUES (232, 'South Alexis', 6);
INSERT INTO city (`id`, `name`, `country_id`) VALUES (233, 'Handfort', 76);
INSERT INTO city (`id`, `name`, `country_id`) VALUES (234, 'Mosciskiside', 82);
INSERT INTO city (`id`, `name`, `country_id`) VALUES (235, 'Ferminborough', 79);
INSERT INTO city (`id`, `name`, `country_id`) VALUES (236, 'Sybleborough', 38);
INSERT INTO city (`id`, `name`, `country_id`) VALUES (237, 'Brownberg', 31);
INSERT INTO city (`id`, `name`, `country_id`) VALUES (238, 'Yostview', 88);
INSERT INTO city (`id`, `name`, `country_id`) VALUES (239, 'Lake Margarette', 14);
INSERT INTO city (`id`, `name`, `country_id`) VALUES (240, 'North Baron', 55);
INSERT INTO city (`id`, `name`, `country_id`) VALUES (241, 'Lake Godfrey', 28);
INSERT INTO city (`id`, `name`, `country_id`) VALUES (242, 'Greenfelderhaven', 21);
INSERT INTO city (`id`, `name`, `country_id`) VALUES (243, 'East Blanche', 68);
INSERT INTO city (`id`, `name`, `country_id`) VALUES (244, 'Aliciashire', 1);
INSERT INTO city (`id`, `name`, `country_id`) VALUES (245, 'East Sophieshire', 36);
INSERT INTO city (`id`, `name`, `country_id`) VALUES (246, 'Port Bridget', 71);
INSERT INTO city (`id`, `name`, `country_id`) VALUES (247, 'Eudoraside', 60);
INSERT INTO city (`id`, `name`, `country_id`) VALUES (248, 'Carashire', 92);
INSERT INTO city (`id`, `name`, `country_id`) VALUES (249, 'Boehmport', 55);
INSERT INTO city (`id`, `name`, `country_id`) VALUES (250, 'Wittingstad', 10);

INSERT INTO flightcompany (`id`, `name`) VALUES (1, 'Kub, Steuber and Zieme');
INSERT INTO flightcompany (`id`, `name`) VALUES (2, 'Larson LLC');
INSERT INTO flightcompany (`id`, `name`) VALUES (3, 'Spinka PLC');
INSERT INTO flightcompany (`id`, `name`) VALUES (4, 'Considine, Hudson and Hudson');
INSERT INTO flightcompany (`id`, `name`) VALUES (5, 'Gottlieb-Ward');
INSERT INTO flightcompany (`id`, `name`) VALUES (6, 'Collins, Stark and Cole');
INSERT INTO flightcompany (`id`, `name`) VALUES (7, 'Doyle-Roob');
INSERT INTO flightcompany (`id`, `name`) VALUES (8, 'Hermann, Feil and Will');
INSERT INTO flightcompany (`id`, `name`) VALUES (9, 'Jaskolski Group');
INSERT INTO flightcompany (`id`, `name`) VALUES (10, 'Schuster and Sons');
INSERT INTO flightcompany (`id`, `name`) VALUES (11, 'Kovacek LLC');
INSERT INTO flightcompany (`id`, `name`) VALUES (12, 'Rohan, Funk and Kunze');
INSERT INTO flightcompany (`id`, `name`) VALUES (13, 'Stehr, Schneider and Kshlerin');
INSERT INTO flightcompany (`id`, `name`) VALUES (14, 'Oberbrunner-Wisozk');
INSERT INTO flightcompany (`id`, `name`) VALUES (15, 'Kemmer, Fisher and Roberts');
INSERT INTO flightcompany (`id`, `name`) VALUES (16, 'Friesen and Sons');
INSERT INTO flightcompany (`id`, `name`) VALUES (17, 'Lueilwitz-Rath');
INSERT INTO flightcompany (`id`, `name`) VALUES (18, 'Collier and Sons');
INSERT INTO flightcompany (`id`, `name`) VALUES (19, 'Grimes-Ortiz');
INSERT INTO flightcompany (`id`, `name`) VALUES (20, 'Zemlak, Hane and Heller');

#
# TABLE STRUCTURE FOR: airport
#

INSERT INTO airport (`id`, `code`, `city_id`) VALUES (2, 'bho', 112);
INSERT INTO airport (`id`, `code`, `city_id`) VALUES (3, 'xhw', 24);
INSERT INTO airport (`id`, `code`, `city_id`) VALUES (4, 'esx', 97);
INSERT INTO airport (`id`, `code`, `city_id`) VALUES (5, 'cqq', 37);
INSERT INTO airport (`id`, `code`, `city_id`) VALUES (6, 'vjk', 166);
INSERT INTO airport (`id`, `code`, `city_id`) VALUES (7, 'ydb', 208);
INSERT INTO airport (`id`, `code`, `city_id`) VALUES (8, 'fho', 5);
INSERT INTO airport (`id`, `code`, `city_id`) VALUES (9, 'vzk', 164);
INSERT INTO airport (`id`, `code`, `city_id`) VALUES (10, 'qwb', 119);
INSERT INTO airport (`id`, `code`, `city_id`) VALUES (11, 'dvq', 95);
INSERT INTO airport (`id`, `code`, `city_id`) VALUES (12, 'meu', 159);
INSERT INTO airport (`id`, `code`, `city_id`) VALUES (13, 'lun', 125);
INSERT INTO airport (`id`, `code`, `city_id`) VALUES (14, 'nhh', 114);
INSERT INTO airport (`id`, `code`, `city_id`) VALUES (15, 'udk', 163);
INSERT INTO airport (`id`, `code`, `city_id`) VALUES (16, 'gyt', 220);
INSERT INTO airport (`id`, `code`, `city_id`) VALUES (17, 'ope', 15);
INSERT INTO airport (`id`, `code`, `city_id`) VALUES (18, 'sfk', 136);
INSERT INTO airport (`id`, `code`, `city_id`) VALUES (19, 'nnm', 166);
INSERT INTO airport (`id`, `code`, `city_id`) VALUES (20, 'jkx', 238);
INSERT INTO airport (`id`, `code`, `city_id`) VALUES (21, 'zuj', 133);
INSERT INTO airport (`id`, `code`, `city_id`) VALUES (22, 'lye', 87);
INSERT INTO airport (`id`, `code`, `city_id`) VALUES (23, 'ewf', 38);
INSERT INTO airport (`id`, `code`, `city_id`) VALUES (24, 'ggt', 135);
INSERT INTO airport (`id`, `code`, `city_id`) VALUES (25, 'cbg', 60);
INSERT INTO airport (`id`, `code`, `city_id`) VALUES (26, 'apb', 228);
INSERT INTO airport (`id`, `code`, `city_id`) VALUES (27, 'orx', 62);
INSERT INTO airport (`id`, `code`, `city_id`) VALUES (28, 'muz', 186);
INSERT INTO airport (`id`, `code`, `city_id`) VALUES (29, 'tor', 204);
INSERT INTO airport (`id`, `code`, `city_id`) VALUES (30, 'ehb', 100);
INSERT INTO airport (`id`, `code`, `city_id`) VALUES (31, 'ekm', 190);
INSERT INTO airport (`id`, `code`, `city_id`) VALUES (32, 'dmu', 128);
INSERT INTO airport (`id`, `code`, `city_id`) VALUES (33, 'gwh', 73);
INSERT INTO airport (`id`, `code`, `city_id`) VALUES (34, 'vnc', 204);
INSERT INTO airport (`id`, `code`, `city_id`) VALUES (35, 'sul', 105);
INSERT INTO airport (`id`, `code`, `city_id`) VALUES (36, 'vbq', 48);
INSERT INTO airport (`id`, `code`, `city_id`) VALUES (37, 'pqs', 191);
INSERT INTO airport (`id`, `code`, `city_id`) VALUES (38, 'iov', 195);
INSERT INTO airport (`id`, `code`, `city_id`) VALUES (39, 'mpr', 45);
INSERT INTO airport (`id`, `code`, `city_id`) VALUES (40, 'ghk', 76);
INSERT INTO airport (`id`, `code`, `city_id`) VALUES (41, 'roe', 79);
INSERT INTO airport (`id`, `code`, `city_id`) VALUES (42, 'kte', 245);
INSERT INTO airport (`id`, `code`, `city_id`) VALUES (43, 'ije', 29);
INSERT INTO airport (`id`, `code`, `city_id`) VALUES (44, 'shz', 219);
INSERT INTO airport (`id`, `code`, `city_id`) VALUES (45, 'myn', 171);
INSERT INTO airport (`id`, `code`, `city_id`) VALUES (46, 'pgf', 114);
INSERT INTO airport (`id`, `code`, `city_id`) VALUES (47, 'dyo', 107);
INSERT INTO airport (`id`, `code`, `city_id`) VALUES (48, 'dtv', 174);
INSERT INTO airport (`id`, `code`, `city_id`) VALUES (49, 'ksz', 247);
INSERT INTO airport (`id`, `code`, `city_id`) VALUES (50, 'dlf', 137);
INSERT INTO airport (`id`, `code`, `city_id`) VALUES (51, 'sca', 56);
INSERT INTO airport (`id`, `code`, `city_id`) VALUES (52, 'ury', 101);
INSERT INTO airport (`id`, `code`, `city_id`) VALUES (53, 'hws', 135);
INSERT INTO airport (`id`, `code`, `city_id`) VALUES (54, 'kdr', 234);
INSERT INTO airport (`id`, `code`, `city_id`) VALUES (55, 'nqt', 86);
INSERT INTO airport (`id`, `code`, `city_id`) VALUES (56, 'gem', 161);
INSERT INTO airport (`id`, `code`, `city_id`) VALUES (57, 'sck', 65);
INSERT INTO airport (`id`, `code`, `city_id`) VALUES (58, 'bjm', 50);
INSERT INTO airport (`id`, `code`, `city_id`) VALUES (59, 'xmi', 177);
INSERT INTO airport (`id`, `code`, `city_id`) VALUES (60, 'ull', 220);
INSERT INTO airport (`id`, `code`, `city_id`) VALUES (61, 'nsq', 247);
INSERT INTO airport (`id`, `code`, `city_id`) VALUES (62, 'hvm', 234);
INSERT INTO airport (`id`, `code`, `city_id`) VALUES (63, 'ilx', 172);
INSERT INTO airport (`id`, `code`, `city_id`) VALUES (64, 'ynb', 228);
INSERT INTO airport (`id`, `code`, `city_id`) VALUES (65, 'jwz', 43);
INSERT INTO airport (`id`, `code`, `city_id`) VALUES (66, 'sax', 104);
INSERT INTO airport (`id`, `code`, `city_id`) VALUES (67, 'tvd', 129);
INSERT INTO airport (`id`, `code`, `city_id`) VALUES (68, 'lbk', 126);
INSERT INTO airport (`id`, `code`, `city_id`) VALUES (69, 'pyh', 67);
INSERT INTO airport (`id`, `code`, `city_id`) VALUES (70, 'rli', 55);
INSERT INTO airport (`id`, `code`, `city_id`) VALUES (71, 'nqk', 32);
INSERT INTO airport (`id`, `code`, `city_id`) VALUES (72, 'wra', 153);
INSERT INTO airport (`id`, `code`, `city_id`) VALUES (73, 'ldv', 246);
INSERT INTO airport (`id`, `code`, `city_id`) VALUES (74, 'noa', 108);
INSERT INTO airport (`id`, `code`, `city_id`) VALUES (75, 'qeh', 53);
INSERT INTO airport (`id`, `code`, `city_id`) VALUES (76, 'yey', 10);
INSERT INTO airport (`id`, `code`, `city_id`) VALUES (77, 'nqr', 52);
INSERT INTO airport (`id`, `code`, `city_id`) VALUES (78, 'lan', 9);
INSERT INTO airport (`id`, `code`, `city_id`) VALUES (79, 'xbv', 90);
INSERT INTO airport (`id`, `code`, `city_id`) VALUES (80, 'all', 70);
INSERT INTO airport (`id`, `code`, `city_id`) VALUES (81, 'jfb', 134);
INSERT INTO airport (`id`, `code`, `city_id`) VALUES (82, 'rtp', 47);
INSERT INTO airport (`id`, `code`, `city_id`) VALUES (83, 'bua', 56);
INSERT INTO airport (`id`, `code`, `city_id`) VALUES (84, 'mdj', 43);
INSERT INTO airport (`id`, `code`, `city_id`) VALUES (85, 'acw', 101);
INSERT INTO airport (`id`, `code`, `city_id`) VALUES (86, 'ijw', 220);
INSERT INTO airport (`id`, `code`, `city_id`) VALUES (87, 'fcs', 90);
INSERT INTO airport (`id`, `code`, `city_id`) VALUES (88, 'dtn', 6);
INSERT INTO airport (`id`, `code`, `city_id`) VALUES (89, 'gnn', 61);
INSERT INTO airport (`id`, `code`, `city_id`) VALUES (90, 'maq', 158);
INSERT INTO airport (`id`, `code`, `city_id`) VALUES (91, 'hkq', 220);
INSERT INTO airport (`id`, `code`, `city_id`) VALUES (92, 'ibv', 81);
INSERT INTO airport (`id`, `code`, `city_id`) VALUES (93, 'onw', 88);
INSERT INTO airport (`id`, `code`, `city_id`) VALUES (94, 'hcr', 85);
INSERT INTO airport (`id`, `code`, `city_id`) VALUES (95, 'kzz', 59);
INSERT INTO airport (`id`, `code`, `city_id`) VALUES (96, 'tdd', 146);
INSERT INTO airport (`id`, `code`, `city_id`) VALUES (97, 'dlo', 45);
INSERT INTO airport (`id`, `code`, `city_id`) VALUES (98, 'xaz', 119);
INSERT INTO airport (`id`, `code`, `city_id`) VALUES (99, 'hhu', 173);
INSERT INTO airport (`id`, `code`, `city_id`) VALUES (100, 'dsd', 205);
INSERT INTO airport (`id`, `code`, `city_id`) VALUES (101, 'aan', 5);
INSERT INTO airport (`id`, `code`, `city_id`) VALUES (102, 'psn', 28);
INSERT INTO airport (`id`, `code`, `city_id`) VALUES (103, 'mgp', 25);
INSERT INTO airport (`id`, `code`, `city_id`) VALUES (104, 'ffe', 224);
INSERT INTO airport (`id`, `code`, `city_id`) VALUES (105, 'kih', 107);
INSERT INTO airport (`id`, `code`, `city_id`) VALUES (106, 'pin', 242);
INSERT INTO airport (`id`, `code`, `city_id`) VALUES (107, 'xqg', 204);
INSERT INTO airport (`id`, `code`, `city_id`) VALUES (108, 'vjp', 71);
INSERT INTO airport (`id`, `code`, `city_id`) VALUES (109, 'mvx', 140);
INSERT INTO airport (`id`, `code`, `city_id`) VALUES (110, 'onh', 94);
INSERT INTO airport (`id`, `code`, `city_id`) VALUES (111, 'pmx', 143);
INSERT INTO airport (`id`, `code`, `city_id`) VALUES (112, 'idq', 147);
INSERT INTO airport (`id`, `code`, `city_id`) VALUES (113, 'mij', 28);
INSERT INTO airport (`id`, `code`, `city_id`) VALUES (114, 'jtv', 42);
INSERT INTO airport (`id`, `code`, `city_id`) VALUES (115, 'ofx', 191);
INSERT INTO airport (`id`, `code`, `city_id`) VALUES (116, 'upa', 200);
INSERT INTO airport (`id`, `code`, `city_id`) VALUES (117, 'pgs', 59);
INSERT INTO airport (`id`, `code`, `city_id`) VALUES (118, 'pmg', 130);
INSERT INTO airport (`id`, `code`, `city_id`) VALUES (119, 'lad', 200);
INSERT INTO airport (`id`, `code`, `city_id`) VALUES (120, 'zdq', 21);
INSERT INTO airport (`id`, `code`, `city_id`) VALUES (121, 'eqv', 178);
INSERT INTO airport (`id`, `code`, `city_id`) VALUES (122, 'eeq', 52);
INSERT INTO airport (`id`, `code`, `city_id`) VALUES (123, 'ncf', 189);
INSERT INTO airport (`id`, `code`, `city_id`) VALUES (124, 'ldl', 198);
INSERT INTO airport (`id`, `code`, `city_id`) VALUES (125, 'jif', 129);
INSERT INTO airport (`id`, `code`, `city_id`) VALUES (126, 'orp', 154);
INSERT INTO airport (`id`, `code`, `city_id`) VALUES (127, 'lpb', 70);
INSERT INTO airport (`id`, `code`, `city_id`) VALUES (128, 'iam', 130);
INSERT INTO airport (`id`, `code`, `city_id`) VALUES (129, 'mlr', 241);
INSERT INTO airport (`id`, `code`, `city_id`) VALUES (130, 'nah', 155);
INSERT INTO airport (`id`, `code`, `city_id`) VALUES (131, 'cls', 145);
INSERT INTO airport (`id`, `code`, `city_id`) VALUES (132, 'ciw', 237);
INSERT INTO airport (`id`, `code`, `city_id`) VALUES (133, 'sla', 218);
INSERT INTO airport (`id`, `code`, `city_id`) VALUES (134, 'nhg', 79);
INSERT INTO airport (`id`, `code`, `city_id`) VALUES (135, 'cew', 127);
INSERT INTO airport (`id`, `code`, `city_id`) VALUES (136, 'yub', 136);
INSERT INTO airport (`id`, `code`, `city_id`) VALUES (137, 'lly', 83);
INSERT INTO airport (`id`, `code`, `city_id`) VALUES (138, 'uzs', 50);
INSERT INTO airport (`id`, `code`, `city_id`) VALUES (139, 'agb', 144);
INSERT INTO airport (`id`, `code`, `city_id`) VALUES (140, 'pbv', 36);
INSERT INTO airport (`id`, `code`, `city_id`) VALUES (141, 'epk', 218);
INSERT INTO airport (`id`, `code`, `city_id`) VALUES (142, 'hte', 232);
INSERT INTO airport (`id`, `code`, `city_id`) VALUES (143, 'yck', 32);
INSERT INTO airport (`id`, `code`, `city_id`) VALUES (144, 'rjl', 20);
INSERT INTO airport (`id`, `code`, `city_id`) VALUES (145, 'rhx', 227);
INSERT INTO airport (`id`, `code`, `city_id`) VALUES (146, 'ywc', 105);
INSERT INTO airport (`id`, `code`, `city_id`) VALUES (147, 'dwd', 137);
INSERT INTO airport (`id`, `code`, `city_id`) VALUES (148, 'yyw', 211);
INSERT INTO airport (`id`, `code`, `city_id`) VALUES (149, 'hul', 112);
INSERT INTO airport (`id`, `code`, `city_id`) VALUES (150, 'klg', 157);
INSERT INTO airport (`id`, `code`, `city_id`) VALUES (151, 'vvy', 12);
INSERT INTO airport (`id`, `code`, `city_id`) VALUES (152, 'zpf', 239);
INSERT INTO airport (`id`, `code`, `city_id`) VALUES (153, 'mqe', 155);
INSERT INTO airport (`id`, `code`, `city_id`) VALUES (154, 'lus', 146);
INSERT INTO airport (`id`, `code`, `city_id`) VALUES (155, 'xft', 149);
INSERT INTO airport (`id`, `code`, `city_id`) VALUES (156, 'pns', 67);
INSERT INTO airport (`id`, `code`, `city_id`) VALUES (157, 'kvs', 20);
INSERT INTO airport (`id`, `code`, `city_id`) VALUES (158, 'xwq', 157);
INSERT INTO airport (`id`, `code`, `city_id`) VALUES (159, 'ifv', 22);
INSERT INTO airport (`id`, `code`, `city_id`) VALUES (160, 'brm', 205);
INSERT INTO airport (`id`, `code`, `city_id`) VALUES (161, 'ypt', 84);
INSERT INTO airport (`id`, `code`, `city_id`) VALUES (162, 'kpd', 62);
INSERT INTO airport (`id`, `code`, `city_id`) VALUES (163, 'tmv', 111);
INSERT INTO airport (`id`, `code`, `city_id`) VALUES (164, 'mcv', 90);
INSERT INTO airport (`id`, `code`, `city_id`) VALUES (165, 'wuz', 42);
INSERT INTO airport (`id`, `code`, `city_id`) VALUES (166, 'lnb', 157);
INSERT INTO airport (`id`, `code`, `city_id`) VALUES (167, 'vdy', 211);
INSERT INTO airport (`id`, `code`, `city_id`) VALUES (168, 'iej', 167);
INSERT INTO airport (`id`, `code`, `city_id`) VALUES (169, 'ovb', 184);
INSERT INTO airport (`id`, `code`, `city_id`) VALUES (170, 'uko', 32);
INSERT INTO airport (`id`, `code`, `city_id`) VALUES (171, 'bqu', 85);
INSERT INTO airport (`id`, `code`, `city_id`) VALUES (172, 'gva', 85);
INSERT INTO airport (`id`, `code`, `city_id`) VALUES (173, 'nnl', 95);
INSERT INTO airport (`id`, `code`, `city_id`) VALUES (174, 'aby', 200);
INSERT INTO airport (`id`, `code`, `city_id`) VALUES (175, 'jtd', 177);
INSERT INTO airport (`id`, `code`, `city_id`) VALUES (176, 'dub', 192);
INSERT INTO airport (`id`, `code`, `city_id`) VALUES (177, 'zxc', 21);
INSERT INTO airport (`id`, `code`, `city_id`) VALUES (178, 'azn', 182);
INSERT INTO airport (`id`, `code`, `city_id`) VALUES (179, 'kpg', 240);
INSERT INTO airport (`id`, `code`, `city_id`) VALUES (180, 'icw', 44);
INSERT INTO airport (`id`, `code`, `city_id`) VALUES (181, 'dbv', 98);
INSERT INTO airport (`id`, `code`, `city_id`) VALUES (182, 'mqv', 38);
INSERT INTO airport (`id`, `code`, `city_id`) VALUES (183, 'zfd', 40);
INSERT INTO airport (`id`, `code`, `city_id`) VALUES (184, 'vkn', 235);
INSERT INTO airport (`id`, `code`, `city_id`) VALUES (185, 'huu', 230);
INSERT INTO airport (`id`, `code`, `city_id`) VALUES (186, 'gjh', 134);
INSERT INTO airport (`id`, `code`, `city_id`) VALUES (187, 'xvi', 71);
INSERT INTO airport (`id`, `code`, `city_id`) VALUES (188, 'wdt', 50);
INSERT INTO airport (`id`, `code`, `city_id`) VALUES (189, 'qoh', 197);
INSERT INTO airport (`id`, `code`, `city_id`) VALUES (190, 'car', 159);
INSERT INTO airport (`id`, `code`, `city_id`) VALUES (191, 'iyz', 194);
INSERT INTO airport (`id`, `code`, `city_id`) VALUES (192, 'ycd', 242);
INSERT INTO airport (`id`, `code`, `city_id`) VALUES (193, 'ewn', 41);
INSERT INTO airport (`id`, `code`, `city_id`) VALUES (194, 'pkd', 123);
INSERT INTO airport (`id`, `code`, `city_id`) VALUES (195, 'qdi', 28);
INSERT INTO airport (`id`, `code`, `city_id`) VALUES (196, 'gbl', 200);
INSERT INTO airport (`id`, `code`, `city_id`) VALUES (197, 'uvk', 124);
INSERT INTO airport (`id`, `code`, `city_id`) VALUES (198, 'yjh', 217);
INSERT INTO airport (`id`, `code`, `city_id`) VALUES (199, 'cfi', 191);
INSERT INTO airport (`id`, `code`, `city_id`) VALUES (200, 'xov', 106);
INSERT INTO airport (`id`, `code`, `city_id`) VALUES (201, 'gtd', 65);
INSERT INTO airport (`id`, `code`, `city_id`) VALUES (202, 'klu', 13);
INSERT INTO airport (`id`, `code`, `city_id`) VALUES (203, 'kdg', 241);
INSERT INTO airport (`id`, `code`, `city_id`) VALUES (204, 'gey', 208);
INSERT INTO airport (`id`, `code`, `city_id`) VALUES (205, 'vvh', 68);
INSERT INTO airport (`id`, `code`, `city_id`) VALUES (206, 'lpw', 164);
INSERT INTO airport (`id`, `code`, `city_id`) VALUES (207, 'can', 49);
INSERT INTO airport (`id`, `code`, `city_id`) VALUES (208, 'jmk', 216);
INSERT INTO airport (`id`, `code`, `city_id`) VALUES (209, 'vlj', 189);
INSERT INTO airport (`id`, `code`, `city_id`) VALUES (210, 'bbu', 159);
INSERT INTO airport (`id`, `code`, `city_id`) VALUES (211, 'gjm', 58);
INSERT INTO airport (`id`, `code`, `city_id`) VALUES (212, 'dfw', 42);
INSERT INTO airport (`id`, `code`, `city_id`) VALUES (213, 'lnk', 47);
INSERT INTO airport (`id`, `code`, `city_id`) VALUES (214, 'vco', 47);
INSERT INTO airport (`id`, `code`, `city_id`) VALUES (215, 'avw', 199);
INSERT INTO airport (`id`, `code`, `city_id`) VALUES (216, 'myc', 145);
INSERT INTO airport (`id`, `code`, `city_id`) VALUES (217, 'mnr', 72);
INSERT INTO airport (`id`, `code`, `city_id`) VALUES (218, 'hlp', 130);
INSERT INTO airport (`id`, `code`, `city_id`) VALUES (219, 'tzz', 197);
INSERT INTO airport (`id`, `code`, `city_id`) VALUES (220, 'ygf', 225);
INSERT INTO airport (`id`, `code`, `city_id`) VALUES (221, 'mif', 149);
INSERT INTO airport (`id`, `code`, `city_id`) VALUES (222, 'sjd', 49);
INSERT INTO airport (`id`, `code`, `city_id`) VALUES (223, 'lyr', 241);
INSERT INTO airport (`id`, `code`, `city_id`) VALUES (224, 'vxo', 131);
INSERT INTO airport (`id`, `code`, `city_id`) VALUES (225, 'vih', 64);
INSERT INTO airport (`id`, `code`, `city_id`) VALUES (226, 'tfw', 100);
INSERT INTO airport (`id`, `code`, `city_id`) VALUES (227, 'ive', 196);
INSERT INTO airport (`id`, `code`, `city_id`) VALUES (228, 'erw', 175);
INSERT INTO airport (`id`, `code`, `city_id`) VALUES (229, 'mqx', 172);
INSERT INTO airport (`id`, `code`, `city_id`) VALUES (230, 'qrm', 162);
INSERT INTO airport (`id`, `code`, `city_id`) VALUES (231, 'erm', 114);
INSERT INTO airport (`id`, `code`, `city_id`) VALUES (232, 'hqe', 151);
INSERT INTO airport (`id`, `code`, `city_id`) VALUES (233, 'xgi', 173);
INSERT INTO airport (`id`, `code`, `city_id`) VALUES (234, 'pgi', 97);
INSERT INTO airport (`id`, `code`, `city_id`) VALUES (235, 'miz', 146);
INSERT INTO airport (`id`, `code`, `city_id`) VALUES (236, 'mpl', 250);
INSERT INTO airport (`id`, `code`, `city_id`) VALUES (237, 'bsa', 41);
INSERT INTO airport (`id`, `code`, `city_id`) VALUES (238, 'ohq', 212);
INSERT INTO airport (`id`, `code`, `city_id`) VALUES (239, 'hvn', 119);
INSERT INTO airport (`id`, `code`, `city_id`) VALUES (240, 'cla', 19);
INSERT INTO airport (`id`, `code`, `city_id`) VALUES (241, 'arz', 215);
INSERT INTO airport (`id`, `code`, `city_id`) VALUES (242, 'trp', 134);
INSERT INTO airport (`id`, `code`, `city_id`) VALUES (243, 'agd', 25);
INSERT INTO airport (`id`, `code`, `city_id`) VALUES (244, 'bhv', 41);
INSERT INTO airport (`id`, `code`, `city_id`) VALUES (245, 'kiu', 72);
INSERT INTO airport (`id`, `code`, `city_id`) VALUES (246, 'edq', 208);
INSERT INTO airport (`id`, `code`, `city_id`) VALUES (247, 'pam', 221);
INSERT INTO airport (`id`, `code`, `city_id`) VALUES (248, 'xlv', 173);
INSERT INTO airport (`id`, `code`, `city_id`) VALUES (249, 'drf', 23);
INSERT INTO airport (`id`, `code`, `city_id`) VALUES (250, 'ffm', 180);
INSERT INTO airport (`id`, `code`, `city_id`) VALUES (251, 'mjf', 106);
INSERT INTO airport (`id`, `code`, `city_id`) VALUES (252, 'aib', 130);
INSERT INTO airport (`id`, `code`, `city_id`) VALUES (253, 'ved', 247);
INSERT INTO airport (`id`, `code`, `city_id`) VALUES (254, 'wfm', 229);
INSERT INTO airport (`id`, `code`, `city_id`) VALUES (255, 'rlh', 232);
INSERT INTO airport (`id`, `code`, `city_id`) VALUES (256, 'bbd', 176);
INSERT INTO airport (`id`, `code`, `city_id`) VALUES (257, 'jju', 51);
INSERT INTO airport (`id`, `code`, `city_id`) VALUES (258, 'qqh', 190);
INSERT INTO airport (`id`, `code`, `city_id`) VALUES (259, 'wbl', 229);
INSERT INTO airport (`id`, `code`, `city_id`) VALUES (260, 'fuk', 107);
INSERT INTO airport (`id`, `code`, `city_id`) VALUES (261, 'uro', 55);


#
# TABLE STRUCTURE FOR: seat
#


INSERT INTO seat (`id`, `location`, `price`, `class`) VALUES (1, '9g', '2405.03', 2);
INSERT INTO seat (`id`, `location`, `price`, `class`) VALUES (2, '2p', '2569.24', 2);
INSERT INTO seat (`id`, `location`, `price`, `class`) VALUES (3, '0h', '2157.07', 2);
INSERT INTO seat (`id`, `location`, `price`, `class`) VALUES (4, '7t', '4319.28', 2);
INSERT INTO seat (`id`, `location`, `price`, `class`) VALUES (5, '9v', '3592.43', 2);
INSERT INTO seat (`id`, `location`, `price`, `class`) VALUES (6, '5g', '1960.62', 2);
INSERT INTO seat (`id`, `location`, `price`, `class`) VALUES (7, '4a', '1269.45', 2);
INSERT INTO seat (`id`, `location`, `price`, `class`) VALUES (8, '9j', '1113.87', 2);
INSERT INTO seat (`id`, `location`, `price`, `class`) VALUES (9, '8a', '1279.35', 2);
INSERT INTO seat (`id`, `location`, `price`, `class`) VALUES (10, '1z', '4384.53', 2);
INSERT INTO seat (`id`, `location`, `price`, `class`) VALUES (11, '4h', '2397.34', 2);
INSERT INTO seat (`id`, `location`, `price`, `class`) VALUES (12, '1g', '4396.25', 2);
INSERT INTO seat (`id`, `location`, `price`, `class`) VALUES (13, '5k', '1922.01', 2);
INSERT INTO seat (`id`, `location`, `price`, `class`) VALUES (14, '7j', '2132.31', 2);
INSERT INTO seat (`id`, `location`, `price`, `class`) VALUES (15, '2y', '1148.09', 2);
INSERT INTO seat (`id`, `location`, `price`, `class`) VALUES (16, '3i', '3987.65', 2);
INSERT INTO seat (`id`, `location`, `price`, `class`) VALUES (17, '0j', '336.46', 2);
INSERT INTO seat (`id`, `location`, `price`, `class`) VALUES (18, '0c', '3574.48', 2);
INSERT INTO seat (`id`, `location`, `price`, `class`) VALUES (19, '4o', '1542.11', 2);
INSERT INTO seat (`id`, `location`, `price`, `class`) VALUES (20, '5p', '462.26', 2);
INSERT INTO seat (`id`, `location`, `price`, `class`) VALUES (21, '5q', '4093.62', 2);
INSERT INTO seat (`id`, `location`, `price`, `class`) VALUES (22, '4t', '3451.48', 2);
INSERT INTO seat (`id`, `location`, `price`, `class`) VALUES (23, '7k', '4141.6', 2);
INSERT INTO seat (`id`, `location`, `price`, `class`) VALUES (24, '6r', '1604.39', 1);
INSERT INTO seat (`id`, `location`, `price`, `class`) VALUES (25, '7e', '3630.02', 1);
INSERT INTO seat (`id`, `location`, `price`, `class`) VALUES (26, '2r', '149.91', 1);
INSERT INTO seat (`id`, `location`, `price`, `class`) VALUES (27, '7c', '2373.94', 1);
INSERT INTO seat (`id`, `location`, `price`, `class`) VALUES (28, '6c', '4569.23', 1);
INSERT INTO seat (`id`, `location`, `price`, `class`) VALUES (29, '3v', '1150.16', 1);
INSERT INTO seat (`id`, `location`, `price`, `class`) VALUES (30, '3j', '693.29', 1);
INSERT INTO seat (`id`, `location`, `price`, `class`) VALUES (31, '1c', '1080.59', 1);
INSERT INTO seat (`id`, `location`, `price`, `class`) VALUES (32, '3x', '3404.96', 0);
INSERT INTO seat (`id`, `location`, `price`, `class`) VALUES (33, '5l', '1539.88', 0);
INSERT INTO seat (`id`, `location`, `price`, `class`) VALUES (34, '1v', '870.54', 0);
INSERT INTO seat (`id`, `location`, `price`, `class`) VALUES (35, '7y', '4920.5', 0);
INSERT INTO seat (`id`, `location`, `price`, `class`) VALUES (36, '3s', '3914.3', 0);
INSERT INTO seat (`id`, `location`, `price`, `class`) VALUES (37, '7n', '3443.17', 0);
INSERT INTO seat (`id`, `location`, `price`, `class`) VALUES (38, '5z', '4196.59', 0);
INSERT INTO seat (`id`, `location`, `price`, `class`) VALUES (39, '8u', '1117.56', 0);
INSERT INTO seat (`id`, `location`, `price`, `class`) VALUES (40, '7u', '3000.59', 0);
INSERT INTO seat (`id`, `location`, `price`, `class`) VALUES (41, '3p', '3489.39', 0);
INSERT INTO seat (`id`, `location`, `price`, `class`) VALUES (42, '9n', '795.07', 2);
INSERT INTO seat (`id`, `location`, `price`, `class`) VALUES (43, '6p', '731.58', 2);
INSERT INTO seat (`id`, `location`, `price`, `class`) VALUES (44, '5s', '3779.71', 2);
INSERT INTO seat (`id`, `location`, `price`, `class`) VALUES (45, '1m', '1945.43', 2);
INSERT INTO seat (`id`, `location`, `price`, `class`) VALUES (46, '2u', '4521.78', 2);
INSERT INTO seat (`id`, `location`, `price`, `class`) VALUES (47, '3l', '3936.01', 2);
INSERT INTO seat (`id`, `location`, `price`, `class`) VALUES (48, '5x', '68.28', 2);
INSERT INTO seat (`id`, `location`, `price`, `class`) VALUES (49, '2h', '278.41', 2);
INSERT INTO seat (`id`, `location`, `price`, `class`) VALUES (50, '3y', '4070.3', 2);
INSERT INTO seat (`id`, `location`, `price`, `class`) VALUES (51, '6x', '3252.5', 2);
INSERT INTO seat (`id`, `location`, `price`, `class`) VALUES (52, '9h', '3686.16', 2);
INSERT INTO seat (`id`, `location`, `price`, `class`) VALUES (53, '1j', '3955.69', 2);
INSERT INTO seat (`id`, `location`, `price`, `class`) VALUES (54, '3e', '4451.81', 2);
INSERT INTO seat (`id`, `location`, `price`, `class`) VALUES (55, '5e', '4779.46', 2);
INSERT INTO seat (`id`, `location`, `price`, `class`) VALUES (56, '6d', '2218.72', 2);
INSERT INTO seat (`id`, `location`, `price`, `class`) VALUES (57, '8r', '1534.28', 2);
INSERT INTO seat (`id`, `location`, `price`, `class`) VALUES (58, '1q', '3133.62', 2);
INSERT INTO seat (`id`, `location`, `price`, `class`) VALUES (59, '9z', '447.14', 2);
INSERT INTO seat (`id`, `location`, `price`, `class`) VALUES (60, '6l', '3571.06', 2);
INSERT INTO seat (`id`, `location`, `price`, `class`) VALUES (61, '3t', '3068.13', 2);
INSERT INTO seat (`id`, `location`, `price`, `class`) VALUES (62, '7s', '1900.2', 2);
INSERT INTO seat (`id`, `location`, `price`, `class`) VALUES (63, '0r', '3945.06', 2);
INSERT INTO seat (`id`, `location`, `price`, `class`) VALUES (64, '4i', '682.95', 2);
INSERT INTO seat (`id`, `location`, `price`, `class`) VALUES (65, '6o', '1699.69', 2);
INSERT INTO seat (`id`, `location`, `price`, `class`) VALUES (66, '1a', '1098.79', 2);
INSERT INTO seat (`id`, `location`, `price`, `class`) VALUES (67, '3a', '4089.94', 2);
INSERT INTO seat (`id`, `location`, `price`, `class`) VALUES (68, '3g', '4395.8', 1);
INSERT INTO seat (`id`, `location`, `price`, `class`) VALUES (69, '6m', '2234.24', 1);
INSERT INTO seat (`id`, `location`, `price`, `class`) VALUES (70, '9c', '2911.84', 1);
INSERT INTO seat (`id`, `location`, `price`, `class`) VALUES (71, '0y', '3535.23', 1);
INSERT INTO seat (`id`, `location`, `price`, `class`) VALUES (72, '5a', '4977.74', 1);
INSERT INTO seat (`id`, `location`, `price`, `class`) VALUES (73, '0m', '2024.01', 0);
INSERT INTO seat (`id`, `location`, `price`, `class`) VALUES (74, '2k', '2878.13', 0);
INSERT INTO seat (`id`, `location`, `price`, `class`) VALUES (75, '0z', '2023.73', 0);
INSERT INTO seat (`id`, `location`, `price`, `class`) VALUES (76, '8y', '1845.37', 1);
INSERT INTO seat (`id`, `location`, `price`, `class`) VALUES (77, '5t', '3884.25', 1);
INSERT INTO seat (`id`, `location`, `price`, `class`) VALUES (78, '1d', '105.43', 1);
INSERT INTO seat (`id`, `location`, `price`, `class`) VALUES (79, '7i', '2277.19', 1);
INSERT INTO seat (`id`, `location`, `price`, `class`) VALUES (80, '4z', '1799.7', 1);
INSERT INTO seat (`id`, `location`, `price`, `class`) VALUES (81, '9q', '4571.49', 1);
INSERT INTO seat (`id`, `location`, `price`, `class`) VALUES (82, '2l', '2041.51', 1);
INSERT INTO seat (`id`, `location`, `price`, `class`) VALUES (83, '5d', '2667.14', 1);
INSERT INTO seat (`id`, `location`, `price`, `class`) VALUES (84, '9b', '1338.06', 1);
INSERT INTO seat (`id`, `location`, `price`, `class`) VALUES (85, '9s', '4410.28', 1);
INSERT INTO seat (`id`, `location`, `price`, `class`) VALUES (86, '2g', '2661.2', 1);
INSERT INTO seat (`id`, `location`, `price`, `class`) VALUES (87, '3d', '213.42', 1);
INSERT INTO seat (`id`, `location`, `price`, `class`) VALUES (88, '6f', '3261.64', 1);
INSERT INTO seat (`id`, `location`, `price`, `class`) VALUES (89, '7h', '926.74', 1);
INSERT INTO seat (`id`, `location`, `price`, `class`) VALUES (90, '2x', '2891.31', 1);
INSERT INTO seat (`id`, `location`, `price`, `class`) VALUES (91, '3u', '293.53', 1);
INSERT INTO seat (`id`, `location`, `price`, `class`) VALUES (92, '4g', '78.86', 1);
INSERT INTO seat (`id`, `location`, `price`, `class`) VALUES (93, '6w', '2762.5', 1);
INSERT INTO seat (`id`, `location`, `price`, `class`) VALUES (94, '0s', '3012.49', 2);
INSERT INTO seat (`id`, `location`, `price`, `class`) VALUES (95, '8j', '4162.59', 2);
INSERT INTO seat (`id`, `location`, `price`, `class`) VALUES (96, '4d', '1442.42', 2);
INSERT INTO seat (`id`, `location`, `price`, `class`) VALUES (97, '7x', '3595.2', 2);
INSERT INTO seat (`id`, `location`, `price`, `class`) VALUES (98, '3o', '3379.63', 2);
INSERT INTO seat (`id`, `location`, `price`, `class`) VALUES (99, '0b', '618.7', 2);
INSERT INTO seat (`id`, `location`, `price`, `class`) VALUES (100, '9m', '3125.1', 2);
INSERT INTO seat (`id`, `location`, `price`, `class`) VALUES (101, '0u', '3453.36', 2);
INSERT INTO seat (`id`, `location`, `price`, `class`) VALUES (102, '4f', '2182.35', 2);
INSERT INTO seat (`id`, `location`, `price`, `class`) VALUES (103, '3w', '930.48', 2);
INSERT INTO seat (`id`, `location`, `price`, `class`) VALUES (104, '8t', '2858.23', 2);
INSERT INTO seat (`id`, `location`, `price`, `class`) VALUES (105, '6z', '1248.93', 2);
INSERT INTO seat (`id`, `location`, `price`, `class`) VALUES (106, '1x', '3023.83', 2);
INSERT INTO seat (`id`, `location`, `price`, `class`) VALUES (107, '3c', '4192.62', 2);
INSERT INTO seat (`id`, `location`, `price`, `class`) VALUES (108, '1w', '255.68', 2);
INSERT INTO seat (`id`, `location`, `price`, `class`) VALUES (109, '8c', '3881.16', 2);
INSERT INTO seat (`id`, `location`, `price`, `class`) VALUES (110, '1t', '3043.07', 2);
INSERT INTO seat (`id`, `location`, `price`, `class`) VALUES (111, '5h', '1181.29', 2);
INSERT INTO seat (`id`, `location`, `price`, `class`) VALUES (112, '4w', '1912.27', 2);
INSERT INTO seat (`id`, `location`, `price`, `class`) VALUES (113, '8z', '2224.18', 2);
INSERT INTO seat (`id`, `location`, `price`, `class`) VALUES (114, '6a', '1121.96', 2);
INSERT INTO seat (`id`, `location`, `price`, `class`) VALUES (115, '4n', '257.52', 2);
INSERT INTO seat (`id`, `location`, `price`, `class`) VALUES (116, '6y', '1635.86', 2);
INSERT INTO seat (`id`, `location`, `price`, `class`) VALUES (117, '1p', '4764.54', 2);
INSERT INTO seat (`id`, `location`, `price`, `class`) VALUES (118, '5n', '4198.82', 2);
INSERT INTO seat (`id`, `location`, `price`, `class`) VALUES (119, '1k', '750.68', 2);
INSERT INTO seat (`id`, `location`, `price`, `class`) VALUES (120, '2c', '708.82', 2);
INSERT INTO seat (`id`, `location`, `price`, `class`) VALUES (121, '5i', '3253.02', 2);
INSERT INTO seat (`id`, `location`, `price`, `class`) VALUES (122, '0a', '1333.15', 1);
INSERT INTO seat (`id`, `location`, `price`, `class`) VALUES (123, '6t', '2531.44', 1);
INSERT INTO seat (`id`, `location`, `price`, `class`) VALUES (124, '4u', '189.98', 1);
INSERT INTO seat (`id`, `location`, `price`, `class`) VALUES (125, '9i', '829.78', 2);
INSERT INTO seat (`id`, `location`, `price`, `class`) VALUES (126, '8s', '1811.28', 2);
INSERT INTO seat (`id`, `location`, `price`, `class`) VALUES (127, '8d', '1092.56', 2);
INSERT INTO seat (`id`, `location`, `price`, `class`) VALUES (128, '9t', '1639.04', 2);
INSERT INTO seat (`id`, `location`, `price`, `class`) VALUES (129, '7d', '2398.12', 2);
INSERT INTO seat (`id`, `location`, `price`, `class`) VALUES (130, '9x', '2548.55', 2);
INSERT INTO seat (`id`, `location`, `price`, `class`) VALUES (131, '7f', '4483.64', 2);
INSERT INTO seat (`id`, `location`, `price`, `class`) VALUES (132, '4r', '4922.11', 2);
INSERT INTO seat (`id`, `location`, `price`, `class`) VALUES (133, '9u', '1544.43', 2);
INSERT INTO seat (`id`, `location`, `price`, `class`) VALUES (134, '8i', '3179.98', 2);
INSERT INTO seat (`id`, `location`, `price`, `class`) VALUES (135, '0f', '4092.11', 2);
INSERT INTO seat (`id`, `location`, `price`, `class`) VALUES (136, '6i', '2043.51', 2);
INSERT INTO seat (`id`, `location`, `price`, `class`) VALUES (137, '3k', '1140.94', 2);
INSERT INTO seat (`id`, `location`, `price`, `class`) VALUES (138, '2z', '4593.14', 2);
INSERT INTO seat (`id`, `location`, `price`, `class`) VALUES (139, '1u', '4825.66', 2);
INSERT INTO seat (`id`, `location`, `price`, `class`) VALUES (140, '3z', '2899.61', 2);
INSERT INTO seat (`id`, `location`, `price`, `class`) VALUES (141, '0d', '4732.31', 0);
INSERT INTO seat (`id`, `location`, `price`, `class`) VALUES (142, '0q', '957.45', 0);
INSERT INTO seat (`id`, `location`, `price`, `class`) VALUES (143, '4c', '885.8', 0);
INSERT INTO seat (`id`, `location`, `price`, `class`) VALUES (144, '6v', '181.58', 0);
INSERT INTO seat (`id`, `location`, `price`, `class`) VALUES (145, '7z', '1708.93', 2);
INSERT INTO seat (`id`, `location`, `price`, `class`) VALUES (146, '1o', '2167.77', 2);
INSERT INTO seat (`id`, `location`, `price`, `class`) VALUES (147, '9y', '2931.69', 2);
INSERT INTO seat (`id`, `location`, `price`, `class`) VALUES (148, '8b', '4125.29', 2);
INSERT INTO seat (`id`, `location`, `price`, `class`) VALUES (149, '9d', '902.51', 2);
INSERT INTO seat (`id`, `location`, `price`, `class`) VALUES (150, '3r', '3003.11', 2);
INSERT INTO seat (`id`, `location`, `price`, `class`) VALUES (151, '6h', '4328.67', 2);
INSERT INTO seat (`id`, `location`, `price`, `class`) VALUES (152, '2s', '2832.31', 2);
INSERT INTO seat (`id`, `location`, `price`, `class`) VALUES (153, '2n', '241.56', 2);
INSERT INTO seat (`id`, `location`, `price`, `class`) VALUES (154, '8w', '2924.09', 2);
INSERT INTO seat (`id`, `location`, `price`, `class`) VALUES (155, '2o', '1731.29', 2);
INSERT INTO seat (`id`, `location`, `price`, `class`) VALUES (156, '9e', '290.19', 2);
INSERT INTO seat (`id`, `location`, `price`, `class`) VALUES (157, '7v', '892.41', 2);
INSERT INTO seat (`id`, `location`, `price`, `class`) VALUES (158, '8x', '4416.58', 2);
INSERT INTO seat (`id`, `location`, `price`, `class`) VALUES (159, '5c', '3707.8', 2);
INSERT INTO seat (`id`, `location`, `price`, `class`) VALUES (160, '6e', '727.77', 2);
INSERT INTO seat (`id`, `location`, `price`, `class`) VALUES (161, '2w', '730.86', 2);
INSERT INTO seat (`id`, `location`, `price`, `class`) VALUES (162, '0g', '1957.39', 2);
INSERT INTO seat (`id`, `location`, `price`, `class`) VALUES (163, '0x', '4614.4', 2);
INSERT INTO seat (`id`, `location`, `price`, `class`) VALUES (164, '8e', '2156.38', 2);
INSERT INTO seat (`id`, `location`, `price`, `class`) VALUES (165, '1n', '4862.81', 2);
INSERT INTO seat (`id`, `location`, `price`, `class`) VALUES (166, '5y', '4044.96', 2);
INSERT INTO seat (`id`, `location`, `price`, `class`) VALUES (167, '4x', '2724.43', 2);
INSERT INTO seat (`id`, `location`, `price`, `class`) VALUES (168, '2f', '1919.78', 2);
INSERT INTO seat (`id`, `location`, `price`, `class`) VALUES (169, '0t', '979.91', 2);
INSERT INTO seat (`id`, `location`, `price`, `class`) VALUES (170, '6j', '1099.01', 2);
INSERT INTO seat (`id`, `location`, `price`, `class`) VALUES (171, '6k', '1878.57', 2);
INSERT INTO seat (`id`, `location`, `price`, `class`) VALUES (172, '4l', '2607.93', 2);
INSERT INTO seat (`id`, `location`, `price`, `class`) VALUES (173, '8g', '4084.28', 2);
INSERT INTO seat (`id`, `location`, `price`, `class`) VALUES (174, '6u', '2194.76', 2);
INSERT INTO seat (`id`, `location`, `price`, `class`) VALUES (175, '0p', '1911.02', 2);
INSERT INTO seat (`id`, `location`, `price`, `class`) VALUES (176, '5j', '4333.93', 2);
INSERT INTO seat (`id`, `location`, `price`, `class`) VALUES (177, '6b', '3648.07', 2);
INSERT INTO seat (`id`, `location`, `price`, `class`) VALUES (178, '1i', '3211.23', 2);
INSERT INTO seat (`id`, `location`, `price`, `class`) VALUES (179, '0w', '1242.32', 2);
INSERT INTO seat (`id`, `location`, `price`, `class`) VALUES (180, '4q', '154.42', 2);
INSERT INTO seat (`id`, `location`, `price`, `class`) VALUES (181, '6s', '301', 2);
INSERT INTO seat (`id`, `location`, `price`, `class`) VALUES (182, '2i', '245.66', 2);
INSERT INTO seat (`id`, `location`, `price`, `class`) VALUES (183, '6n', '1518.97', 2);
INSERT INTO seat (`id`, `location`, `price`, `class`) VALUES (184, '9f', '2042.23', 2);
INSERT INTO seat (`id`, `location`, `price`, `class`) VALUES (185, '8o', '4263.2', 2);
INSERT INTO seat (`id`, `location`, `price`, `class`) VALUES (186, '9w', '3355.83', 2);
INSERT INTO seat (`id`, `location`, `price`, `class`) VALUES (187, '1l', '2046.04', 2);
INSERT INTO seat (`id`, `location`, `price`, `class`) VALUES (188, '3n', '4801.77', 2);
INSERT INTO seat (`id`, `location`, `price`, `class`) VALUES (189, '7b', '1334.88', 2);
INSERT INTO seat (`id`, `location`, `price`, `class`) VALUES (190, '6q', '935.29', 2);
INSERT INTO seat (`id`, `location`, `price`, `class`) VALUES (191, '6g', '670.92', 2);
INSERT INTO seat (`id`, `location`, `price`, `class`) VALUES (192, '2d', '1359.41', 2);
INSERT INTO seat (`id`, `location`, `price`, `class`) VALUES (193, '7o', '2520.78', 2);
INSERT INTO seat (`id`, `location`, `price`, `class`) VALUES (194, '2t', '3375.53', 2);
INSERT INTO seat (`id`, `location`, `price`, `class`) VALUES (195, '7p', '4571.76', 2);
INSERT INTO seat (`id`, `location`, `price`, `class`) VALUES (196, '1e', '3778.92', 2);
INSERT INTO seat (`id`, `location`, `price`, `class`) VALUES (197, '5f', '1558.05', 2);
INSERT INTO seat (`id`, `location`, `price`, `class`) VALUES (198, '2m', '1375.49', 2);
INSERT INTO seat (`id`, `location`, `price`, `class`) VALUES (199, '4s', '3849.25', 2);
INSERT INTO seat (`id`, `location`, `price`, `class`) VALUES (200, '5b', '2327.71', 2);
INSERT INTO seat (`id`, `location`, `price`, `class`) VALUES (201, '4k', '1605.83', 2);
INSERT INTO seat (`id`, `location`, `price`, `class`) VALUES (202, '2j', '2642.57', 2);
INSERT INTO seat (`id`, `location`, `price`, `class`) VALUES (203, '1b', '4402.58', 2);
INSERT INTO seat (`id`, `location`, `price`, `class`) VALUES (204, '9r', '2959.83', 2);
INSERT INTO seat (`id`, `location`, `price`, `class`) VALUES (205, '5v', '1702.17', 2);
INSERT INTO seat (`id`, `location`, `price`, `class`) VALUES (206, '9p', '4766.72', 2);
INSERT INTO seat (`id`, `location`, `price`, `class`) VALUES (207, '0e', '1289.19', 2);
INSERT INTO seat (`id`, `location`, `price`, `class`) VALUES (208, '7r', '2277.83', 2);
INSERT INTO seat (`id`, `location`, `price`, `class`) VALUES (209, '0o', '3148.91', 2);
INSERT INTO seat (`id`, `location`, `price`, `class`) VALUES (210, '0n', '4279.64', 2);
INSERT INTO seat (`id`, `location`, `price`, `class`) VALUES (211, '7m', '2901.18', 2);
INSERT INTO seat (`id`, `location`, `price`, `class`) VALUES (212, '5w', '934.37', 2);
INSERT INTO seat (`id`, `location`, `price`, `class`) VALUES (213, '8n', '4219.24', 2);
INSERT INTO seat (`id`, `location`, `price`, `class`) VALUES (214, '9l', '595.9', 2);
INSERT INTO seat (`id`, `location`, `price`, `class`) VALUES (215, '4v', '3877.3', 2);
INSERT INTO seat (`id`, `location`, `price`, `class`) VALUES (216, '2e', '2299.63', 2);
INSERT INTO seat (`id`, `location`, `price`, `class`) VALUES (217, '0l', '2458.93', 2);
INSERT INTO seat (`id`, `location`, `price`, `class`) VALUES (218, '0v', '3787.09', 2);
INSERT INTO seat (`id`, `location`, `price`, `class`) VALUES (219, '1s', '4641.42', 2);
INSERT INTO seat (`id`, `location`, `price`, `class`) VALUES (220, '8m', '2123.65', 2);
INSERT INTO seat (`id`, `location`, `price`, `class`) VALUES (221, '3q', '3460.19', 2);
INSERT INTO seat (`id`, `location`, `price`, `class`) VALUES (222, '5o', '3839.15', 2);
INSERT INTO seat (`id`, `location`, `price`, `class`) VALUES (223, '5u', '2796.25', 2);
INSERT INTO seat (`id`, `location`, `price`, `class`) VALUES (224, '3h', '3356.26', 2);
INSERT INTO seat (`id`, `location`, `price`, `class`) VALUES (225, '9o', '3585.89', 2);
INSERT INTO seat (`id`, `location`, `price`, `class`) VALUES (226, '8k', '183.23', 2);
INSERT INTO seat (`id`, `location`, `price`, `class`) VALUES (227, '4j', '1502.79', 2);
INSERT INTO seat (`id`, `location`, `price`, `class`) VALUES (228, '3f', '1490', 2);
INSERT INTO seat (`id`, `location`, `price`, `class`) VALUES (229, '7a', '2762.5', 2);
INSERT INTO seat (`id`, `location`, `price`, `class`) VALUES (230, '9k', '1094.06', 2);
INSERT INTO seat (`id`, `location`, `price`, `class`) VALUES (231, '1r', '2622.45', 2);
INSERT INTO seat (`id`, `location`, `price`, `class`) VALUES (232, '7l', '797.7', 2);
INSERT INTO seat (`id`, `location`, `price`, `class`) VALUES (233, '4m', '1349.03', 2);
INSERT INTO seat (`id`, `location`, `price`, `class`) VALUES (234, '7w', '3259.44', 2);
INSERT INTO seat (`id`, `location`, `price`, `class`) VALUES (235, '8f', '2345.06', 2);
INSERT INTO seat (`id`, `location`, `price`, `class`) VALUES (236, '4y', '452.04', 2);
INSERT INTO seat (`id`, `location`, `price`, `class`) VALUES (237, '8p', '3984.22', 2);
INSERT INTO seat (`id`, `location`, `price`, `class`) VALUES (238, '2v', '640.82', 2);
INSERT INTO seat (`id`, `location`, `price`, `class`) VALUES (239, '3b', '2208.97', 2);
INSERT INTO seat (`id`, `location`, `price`, `class`) VALUES (240, '4b', '1650.93', 2);
INSERT INTO seat (`id`, `location`, `price`, `class`) VALUES (241, '3m', '4266.03', 2);
INSERT INTO seat (`id`, `location`, `price`, `class`) VALUES (242, '2a', '2663.61', 2);
INSERT INTO seat (`id`, `location`, `price`, `class`) VALUES (243, '8q', '217.9', 2);
INSERT INTO seat (`id`, `location`, `price`, `class`) VALUES (244, '7q', '1151.48', 2);
INSERT INTO seat (`id`, `location`, `price`, `class`) VALUES (245, '8v', '4618.57', 2);
INSERT INTO seat (`id`, `location`, `price`, `class`) VALUES (246, '8l', '3959.11', 2);
INSERT INTO seat (`id`, `location`, `price`, `class`) VALUES (247, '2b', '3584.56', 2);
INSERT INTO seat (`id`, `location`, `price`, `class`) VALUES (248, '1h', '1740.5', 2);
INSERT INTO seat (`id`, `location`, `price`, `class`) VALUES (249, '5r', '3363.08', 2);
INSERT INTO seat (`id`, `location`, `price`, `class`) VALUES (250, '7g', '4438.1', 2);
INSERT INTO seat (`id`, `location`, `price`, `class`) VALUES (251, '5m', '706.74', 2);
INSERT INTO seat (`id`, `location`, `price`, `class`) VALUES (252, '8h', '2891.42', 2);
INSERT INTO seat (`id`, `location`, `price`, `class`) VALUES (253, '4p', '3078.97', 2);
INSERT INTO seat (`id`, `location`, `price`, `class`) VALUES (254, '4e', '2457.47', 2);
INSERT INTO seat (`id`, `location`, `price`, `class`) VALUES (255, '1y', '4727.38', 2);
INSERT INTO seat (`id`, `location`, `price`, `class`) VALUES (256, '1f', '3021.45', 2);
INSERT INTO seat (`id`, `location`, `price`, `class`) VALUES (257, '0i', '127.65', 2);
INSERT INTO seat (`id`, `location`, `price`, `class`) VALUES (258, '9a', '1521.54', 2);
INSERT INTO seat (`id`, `location`, `price`, `class`) VALUES (259, '2q', '1658.46', 2);
INSERT INTO seat (`id`, `location`, `price`, `class`) VALUES (260, '0k', '3173.72', 2);
INSERT INTO seat (`id`, `location`, `price`, `class`) VALUES (261, '4a', '4680.29', 2);
INSERT INTO seat (`id`, `location`, `price`, `class`) VALUES (262, '4a', '3323.38', 2);
INSERT INTO seat (`id`, `location`, `price`, `class`) VALUES (263, '2k', '838.17', 2);
INSERT INTO seat (`id`, `location`, `price`, `class`) VALUES (264, '3x', '4251.72', 2);
INSERT INTO seat (`id`, `location`, `price`, `class`) VALUES (265, '8b', '1810.04', 2);
INSERT INTO seat (`id`, `location`, `price`, `class`) VALUES (266, '0d', '3519.98', 2);
INSERT INTO seat (`id`, `location`, `price`, `class`) VALUES (267, '1v', '3515.88', 2);
INSERT INTO seat (`id`, `location`, `price`, `class`) VALUES (268, '8i', '2109.02', 2);
INSERT INTO seat (`id`, `location`, `price`, `class`) VALUES (269, '2i', '4703.62', 2);
INSERT INTO seat (`id`, `location`, `price`, `class`) VALUES (270, '9s', '4144.41', 2);
INSERT INTO seat (`id`, `location`, `price`, `class`) VALUES (271, '6i', '2325.57', 2);
INSERT INTO seat (`id`, `location`, `price`, `class`) VALUES (272, '8u', '2076.44', 2);
INSERT INTO seat (`id`, `location`, `price`, `class`) VALUES (273, '9h', '748.4', 2);
INSERT INTO seat (`id`, `location`, `price`, `class`) VALUES (274, '8q', '1874.07', 2);
INSERT INTO seat (`id`, `location`, `price`, `class`) VALUES (275, '2x', '1508.76', 2);
INSERT INTO seat (`id`, `location`, `price`, `class`) VALUES (276, '6r', '2372.22', 2);
INSERT INTO seat (`id`, `location`, `price`, `class`) VALUES (277, '2y', '2653.92', 2);
INSERT INTO seat (`id`, `location`, `price`, `class`) VALUES (278, '4i', '4909.3', 2);
INSERT INTO seat (`id`, `location`, `price`, `class`) VALUES (279, '5x', '4406.04', 2);
INSERT INTO seat (`id`, `location`, `price`, `class`) VALUES (280, '0i', '2602.21', 2);
INSERT INTO seat (`id`, `location`, `price`, `class`) VALUES (281, '4t', '3717.23', 2);
INSERT INTO seat (`id`, `location`, `price`, `class`) VALUES (282, '3w', '2699.48', 2);
INSERT INTO seat (`id`, `location`, `price`, `class`) VALUES (283, '9e', '4370.08', 2);
INSERT INTO seat (`id`, `location`, `price`, `class`) VALUES (284, '7d', '3913.46', 2);
INSERT INTO seat (`id`, `location`, `price`, `class`) VALUES (285, '5w', '4127.09', 2);
INSERT INTO seat (`id`, `location`, `price`, `class`) VALUES (286, '4x', '3264.19', 2);
INSERT INTO seat (`id`, `location`, `price`, `class`) VALUES (287, '4a', '516.49', 2);
INSERT INTO seat (`id`, `location`, `price`, `class`) VALUES (288, '7n', '1494.35', 2);
INSERT INTO seat (`id`, `location`, `price`, `class`) VALUES (289, '7a', '3349.67', 2);
INSERT INTO seat (`id`, `location`, `price`, `class`) VALUES (290, '0a', '2910.6', 2);
INSERT INTO seat (`id`, `location`, `price`, `class`) VALUES (291, '0c', '935.14', 2);
INSERT INTO seat (`id`, `location`, `price`, `class`) VALUES (292, '3f', '2629.36', 2);
INSERT INTO seat (`id`, `location`, `price`, `class`) VALUES (293, '6x', '2985.16', 2);
INSERT INTO seat (`id`, `location`, `price`, `class`) VALUES (294, '6m', '4228.85', 2);
INSERT INTO seat (`id`, `location`, `price`, `class`) VALUES (295, '9s', '1451.05', 2);
INSERT INTO seat (`id`, `location`, `price`, `class`) VALUES (296, '5f', '2020.38', 2);
INSERT INTO seat (`id`, `location`, `price`, `class`) VALUES (297, '1n', '1110.19', 2);
INSERT INTO seat (`id`, `location`, `price`, `class`) VALUES (298, '6y', '1872.87', 2);
INSERT INTO seat (`id`, `location`, `price`, `class`) VALUES (299, '8r', '1143.13', 2);
INSERT INTO seat (`id`, `location`, `price`, `class`) VALUES (300, '0h', '1066.5', 2);
INSERT INTO seat (`id`, `location`, `price`, `class`) VALUES (301, '5b', '977.7', 2);
INSERT INTO seat (`id`, `location`, `price`, `class`) VALUES (302, '6b', '4947.54', 2);
INSERT INTO seat (`id`, `location`, `price`, `class`) VALUES (303, '6i', '1021.85', 2);
INSERT INTO seat (`id`, `location`, `price`, `class`) VALUES (304, '1r', '1229.85', 2);
INSERT INTO seat (`id`, `location`, `price`, `class`) VALUES (305, '7x', '3178.43', 2);
INSERT INTO seat (`id`, `location`, `price`, `class`) VALUES (306, '5x', '2158.76', 2);
INSERT INTO seat (`id`, `location`, `price`, `class`) VALUES (307, '3i', '4895.08', 2);
INSERT INTO seat (`id`, `location`, `price`, `class`) VALUES (308, '1f', '4671.75', 2);
INSERT INTO seat (`id`, `location`, `price`, `class`) VALUES (309, '5f', '1855.92', 2);
INSERT INTO seat (`id`, `location`, `price`, `class`) VALUES (310, '9t', '4038.28', 2);
INSERT INTO seat (`id`, `location`, `price`, `class`) VALUES (311, '0q', '2590.07', 2);
INSERT INTO seat (`id`, `location`, `price`, `class`) VALUES (312, '5r', '1506.9', 2);
INSERT INTO seat (`id`, `location`, `price`, `class`) VALUES (313, '6x', '3619.48', 2);
INSERT INTO seat (`id`, `location`, `price`, `class`) VALUES (314, '5g', '860.76', 2);
INSERT INTO seat (`id`, `location`, `price`, `class`) VALUES (315, '9a', '4657.77', 2);
INSERT INTO seat (`id`, `location`, `price`, `class`) VALUES (316, '8l', '3171.39', 2);
INSERT INTO seat (`id`, `location`, `price`, `class`) VALUES (317, '2g', '1033.23', 2);
INSERT INTO seat (`id`, `location`, `price`, `class`) VALUES (318, '1d', '1887.02', 2);
INSERT INTO seat (`id`, `location`, `price`, `class`) VALUES (319, '2a', '4494.3', 2);
INSERT INTO seat (`id`, `location`, `price`, `class`) VALUES (320, '0t', '134.96', 2);
INSERT INTO seat (`id`, `location`, `price`, `class`) VALUES (321, '0k', '4353.22', 2);
INSERT INTO seat (`id`, `location`, `price`, `class`) VALUES (322, '1p', '3946.61', 2);
INSERT INTO seat (`id`, `location`, `price`, `class`) VALUES (323, '5j', '1297.27', 2);
INSERT INTO seat (`id`, `location`, `price`, `class`) VALUES (324, '8c', '2445.63', 2);
INSERT INTO seat (`id`, `location`, `price`, `class`) VALUES (325, '8z', '1655.18', 2);
INSERT INTO seat (`id`, `location`, `price`, `class`) VALUES (326, '2v', '3206.88', 2);
INSERT INTO seat (`id`, `location`, `price`, `class`) VALUES (327, '1p', '4511.48', 2);
INSERT INTO seat (`id`, `location`, `price`, `class`) VALUES (328, '3p', '2520.72', 2);
INSERT INTO seat (`id`, `location`, `price`, `class`) VALUES (329, '2e', '4885.16', 2);
INSERT INTO seat (`id`, `location`, `price`, `class`) VALUES (330, '2l', '2525.01', 2);
INSERT INTO seat (`id`, `location`, `price`, `class`) VALUES (331, '0a', '1138.91', 2);
INSERT INTO seat (`id`, `location`, `price`, `class`) VALUES (332, '5m', '3794.45', 2);
INSERT INTO seat (`id`, `location`, `price`, `class`) VALUES (333, '5l', '2022.03', 2);
INSERT INTO seat (`id`, `location`, `price`, `class`) VALUES (334, '6u', '2351.68', 2);
INSERT INTO seat (`id`, `location`, `price`, `class`) VALUES (335, '2a', '307.72', 2);
INSERT INTO seat (`id`, `location`, `price`, `class`) VALUES (336, '1o', '1288.87', 2);
INSERT INTO seat (`id`, `location`, `price`, `class`) VALUES (337, '3c', '506.4', 2);
INSERT INTO seat (`id`, `location`, `price`, `class`) VALUES (338, '9w', '1546.12', 2);
INSERT INTO seat (`id`, `location`, `price`, `class`) VALUES (339, '6c', '2689.16', 2);
INSERT INTO seat (`id`, `location`, `price`, `class`) VALUES (340, '0c', '295.02', 2);
INSERT INTO seat (`id`, `location`, `price`, `class`) VALUES (341, '4q', '1757.91', 2);
INSERT INTO seat (`id`, `location`, `price`, `class`) VALUES (342, '9m', '2083.67', 2);
INSERT INTO seat (`id`, `location`, `price`, `class`) VALUES (343, '3i', '1040.31', 2);
INSERT INTO seat (`id`, `location`, `price`, `class`) VALUES (344, '4l', '269.78', 2);
INSERT INTO seat (`id`, `location`, `price`, `class`) VALUES (345, '4u', '2946.95', 2);
INSERT INTO seat (`id`, `location`, `price`, `class`) VALUES (346, '3x', '3244.49', 2);
INSERT INTO seat (`id`, `location`, `price`, `class`) VALUES (347, '8l', '4386.35', 2);
INSERT INTO seat (`id`, `location`, `price`, `class`) VALUES (348, '5g', '2494.63', 2);
INSERT INTO seat (`id`, `location`, `price`, `class`) VALUES (349, '5i', '2669.39', 2);
INSERT INTO seat (`id`, `location`, `price`, `class`) VALUES (350, '1e', '3174.55', 2);
INSERT INTO seat (`id`, `location`, `price`, `class`) VALUES (351, '9i', '2924.51', 2);
INSERT INTO seat (`id`, `location`, `price`, `class`) VALUES (352, '6w', '117.19', 2);
INSERT INTO seat (`id`, `location`, `price`, `class`) VALUES (353, '8h', '3597.75', 2);
INSERT INTO seat (`id`, `location`, `price`, `class`) VALUES (354, '6f', '1470.71', 2);
INSERT INTO seat (`id`, `location`, `price`, `class`) VALUES (355, '0p', '4422.26', 2);
INSERT INTO seat (`id`, `location`, `price`, `class`) VALUES (356, '8d', '3748.6', 2);
INSERT INTO seat (`id`, `location`, `price`, `class`) VALUES (357, '4x', '2031.6', 2);
INSERT INTO seat (`id`, `location`, `price`, `class`) VALUES (358, '3g', '3023.96', 2);
INSERT INTO seat (`id`, `location`, `price`, `class`) VALUES (359, '2g', '1022.34', 2);
INSERT INTO seat (`id`, `location`, `price`, `class`) VALUES (360, '9a', '4678.93', 2);
INSERT INTO seat (`id`, `location`, `price`, `class`) VALUES (361, '0c', '3808.94', 2);
INSERT INTO seat (`id`, `location`, `price`, `class`) VALUES (362, '6f', '2426.65', 2);
INSERT INTO seat (`id`, `location`, `price`, `class`) VALUES (363, '6g', '1379.15', 2);
INSERT INTO seat (`id`, `location`, `price`, `class`) VALUES (364, '0s', '774.41', 2);
INSERT INTO seat (`id`, `location`, `price`, `class`) VALUES (365, '7c', '3873.45', 2);
INSERT INTO seat (`id`, `location`, `price`, `class`) VALUES (366, '5f', '1760.31', 2);
INSERT INTO seat (`id`, `location`, `price`, `class`) VALUES (367, '2a', '1806.35', 2);
INSERT INTO seat (`id`, `location`, `price`, `class`) VALUES (368, '3l', '4829.55', 2);
INSERT INTO seat (`id`, `location`, `price`, `class`) VALUES (369, '9a', '2566.64', 2);
INSERT INTO seat (`id`, `location`, `price`, `class`) VALUES (370, '0v', '4518.04', 2);
INSERT INTO seat (`id`, `location`, `price`, `class`) VALUES (371, '6k', '4872', 2);
INSERT INTO seat (`id`, `location`, `price`, `class`) VALUES (372, '0a', '4629.63', 2);
INSERT INTO seat (`id`, `location`, `price`, `class`) VALUES (373, '6a', '3150.57', 2);
INSERT INTO seat (`id`, `location`, `price`, `class`) VALUES (374, '8a', '2066.42', 2);
INSERT INTO seat (`id`, `location`, `price`, `class`) VALUES (375, '8k', '3654.57', 2);
INSERT INTO seat (`id`, `location`, `price`, `class`) VALUES (376, '5m', '151.44', 2);
INSERT INTO seat (`id`, `location`, `price`, `class`) VALUES (377, '0d', '1189.76', 2);
INSERT INTO seat (`id`, `location`, `price`, `class`) VALUES (378, '8y', '743.45', 2);
INSERT INTO seat (`id`, `location`, `price`, `class`) VALUES (379, '5k', '1798.06', 2);
INSERT INTO seat (`id`, `location`, `price`, `class`) VALUES (380, '1j', '1743.64', 2);
INSERT INTO seat (`id`, `location`, `price`, `class`) VALUES (381, '1t', '718.14', 2);
INSERT INTO seat (`id`, `location`, `price`, `class`) VALUES (382, '2g', '4967.2', 2);
INSERT INTO seat (`id`, `location`, `price`, `class`) VALUES (383, '1r', '1801.7', 2);
INSERT INTO seat (`id`, `location`, `price`, `class`) VALUES (384, '0c', '4102.84', 2);
INSERT INTO seat (`id`, `location`, `price`, `class`) VALUES (385, '4x', '2273.74', 2);
INSERT INTO seat (`id`, `location`, `price`, `class`) VALUES (386, '6f', '1702.42', 2);
INSERT INTO seat (`id`, `location`, `price`, `class`) VALUES (387, '3p', '4043.06', 2);
INSERT INTO seat (`id`, `location`, `price`, `class`) VALUES (388, '2c', '2570.66', 2);
INSERT INTO seat (`id`, `location`, `price`, `class`) VALUES (389, '0i', '1740.77', 2);
INSERT INTO seat (`id`, `location`, `price`, `class`) VALUES (390, '6m', '3393.39', 2);
INSERT INTO seat (`id`, `location`, `price`, `class`) VALUES (391, '9g', '2286.48', 2);
INSERT INTO seat (`id`, `location`, `price`, `class`) VALUES (392, '2f', '2076.21', 2);
INSERT INTO seat (`id`, `location`, `price`, `class`) VALUES (393, '1e', '415.79', 2);
INSERT INTO seat (`id`, `location`, `price`, `class`) VALUES (394, '6e', '4084.01', 2);
INSERT INTO seat (`id`, `location`, `price`, `class`) VALUES (395, '2h', '2104.99', 2);
INSERT INTO seat (`id`, `location`, `price`, `class`) VALUES (396, '2b', '3564.55', 2);
INSERT INTO seat (`id`, `location`, `price`, `class`) VALUES (397, '5p', '1833.93', 2);
INSERT INTO seat (`id`, `location`, `price`, `class`) VALUES (398, '5w', '3113.24', 2);
INSERT INTO seat (`id`, `location`, `price`, `class`) VALUES (399, '4m', '1504.49', 2);
INSERT INTO seat (`id`, `location`, `price`, `class`) VALUES (400, '7o', '3180.42', 2);
INSERT INTO seat (`id`, `location`, `price`, `class`) VALUES (401, '2k', '2832.14', 2);
INSERT INTO seat (`id`, `location`, `price`, `class`) VALUES (402, '4c', '1775.16', 2);
INSERT INTO seat (`id`, `location`, `price`, `class`) VALUES (403, '9s', '2269.56', 2);
INSERT INTO seat (`id`, `location`, `price`, `class`) VALUES (404, '7m', '2201.88', 2);
INSERT INTO seat (`id`, `location`, `price`, `class`) VALUES (405, '9q', '2305.73', 2);
INSERT INTO seat (`id`, `location`, `price`, `class`) VALUES (406, '4b', '178.09', 2);
INSERT INTO seat (`id`, `location`, `price`, `class`) VALUES (407, '8l', '1045.52', 2);
INSERT INTO seat (`id`, `location`, `price`, `class`) VALUES (408, '0u', '2204.45', 2);
INSERT INTO seat (`id`, `location`, `price`, `class`) VALUES (409, '9i', '4227.27', 2);
INSERT INTO seat (`id`, `location`, `price`, `class`) VALUES (410, '5a', '856.56', 2);
INSERT INTO seat (`id`, `location`, `price`, `class`) VALUES (411, '4y', '2855.9', 2);
INSERT INTO seat (`id`, `location`, `price`, `class`) VALUES (412, '7r', '4398.75', 2);
INSERT INTO seat (`id`, `location`, `price`, `class`) VALUES (413, '1u', '2467.14', 2);
INSERT INTO seat (`id`, `location`, `price`, `class`) VALUES (414, '8a', '4039.28', 2);
INSERT INTO seat (`id`, `location`, `price`, `class`) VALUES (415, '7a', '4780.69', 2);
INSERT INTO seat (`id`, `location`, `price`, `class`) VALUES (416, '1i', '1048.47', 2);
INSERT INTO seat (`id`, `location`, `price`, `class`) VALUES (417, '8y', '2633.32', 2);
INSERT INTO seat (`id`, `location`, `price`, `class`) VALUES (418, '4s', '2260.68', 2);
INSERT INTO seat (`id`, `location`, `price`, `class`) VALUES (419, '0y', '789.27', 2);
INSERT INTO seat (`id`, `location`, `price`, `class`) VALUES (420, '3r', '2218.82', 2);
INSERT INTO seat (`id`, `location`, `price`, `class`) VALUES (421, '9x', '3505.82', 2);
INSERT INTO seat (`id`, `location`, `price`, `class`) VALUES (422, '1j', '2309.16', 2);
INSERT INTO seat (`id`, `location`, `price`, `class`) VALUES (423, '8w', '2709.21', 2);
INSERT INTO seat (`id`, `location`, `price`, `class`) VALUES (424, '4f', '4019.31', 2);
INSERT INTO seat (`id`, `location`, `price`, `class`) VALUES (425, '8j', '620.08', 2);
INSERT INTO seat (`id`, `location`, `price`, `class`) VALUES (426, '8q', '1742.62', 2);
INSERT INTO seat (`id`, `location`, `price`, `class`) VALUES (427, '3y', '2480.56', 2);
INSERT INTO seat (`id`, `location`, `price`, `class`) VALUES (428, '3h', '2485.46', 2);
INSERT INTO seat (`id`, `location`, `price`, `class`) VALUES (429, '0x', '4231.36', 2);
INSERT INTO seat (`id`, `location`, `price`, `class`) VALUES (430, '4x', '4991.1', 2);
INSERT INTO seat (`id`, `location`, `price`, `class`) VALUES (431, '2a', '2323.28', 2);
INSERT INTO seat (`id`, `location`, `price`, `class`) VALUES (432, '0y', '1399.49', 2);
INSERT INTO seat (`id`, `location`, `price`, `class`) VALUES (433, '4l', '1644.18', 2);
INSERT INTO seat (`id`, `location`, `price`, `class`) VALUES (434, '3v', '2877.69', 2);
INSERT INTO seat (`id`, `location`, `price`, `class`) VALUES (435, '3g', '2322.16', 2);
INSERT INTO seat (`id`, `location`, `price`, `class`) VALUES (436, '3t', '1127.3', 2);
INSERT INTO seat (`id`, `location`, `price`, `class`) VALUES (437, '9p', '3562.95', 2);
INSERT INTO seat (`id`, `location`, `price`, `class`) VALUES (438, '6o', '4279.49', 2);
INSERT INTO seat (`id`, `location`, `price`, `class`) VALUES (439, '6p', '562.46', 2);
INSERT INTO seat (`id`, `location`, `price`, `class`) VALUES (440, '9y', '3738.77', 2);
INSERT INTO seat (`id`, `location`, `price`, `class`) VALUES (441, '7c', '2831.31', 2);
INSERT INTO seat (`id`, `location`, `price`, `class`) VALUES (442, '3a', '3984.23', 2);
INSERT INTO seat (`id`, `location`, `price`, `class`) VALUES (443, '2s', '4873.32', 2);
INSERT INTO seat (`id`, `location`, `price`, `class`) VALUES (444, '2n', '3266.8', 2);
INSERT INTO seat (`id`, `location`, `price`, `class`) VALUES (445, '1r', '2067.57', 2);
INSERT INTO seat (`id`, `location`, `price`, `class`) VALUES (446, '5w', '4142.22', 2);
INSERT INTO seat (`id`, `location`, `price`, `class`) VALUES (447, '1d', '3897.35', 2);
INSERT INTO seat (`id`, `location`, `price`, `class`) VALUES (448, '7s', '914.99', 2);
INSERT INTO seat (`id`, `location`, `price`, `class`) VALUES (449, '1v', '2447.06', 2);
INSERT INTO seat (`id`, `location`, `price`, `class`) VALUES (450, '3a', '4686.48', 2);
INSERT INTO seat (`id`, `location`, `price`, `class`) VALUES (451, '5a', '1449.21', 2);
INSERT INTO seat (`id`, `location`, `price`, `class`) VALUES (452, '5y', '1587.4', 2);
INSERT INTO seat (`id`, `location`, `price`, `class`) VALUES (453, '6c', '4102.5', 2);
INSERT INTO seat (`id`, `location`, `price`, `class`) VALUES (454, '7v', '1094.19', 2);
INSERT INTO seat (`id`, `location`, `price`, `class`) VALUES (455, '9g', '406.95', 2);
INSERT INTO seat (`id`, `location`, `price`, `class`) VALUES (456, '9h', '1465.14', 2);
INSERT INTO seat (`id`, `location`, `price`, `class`) VALUES (457, '6y', '1939.44', 2);
INSERT INTO seat (`id`, `location`, `price`, `class`) VALUES (458, '3v', '3113.51', 2);
INSERT INTO seat (`id`, `location`, `price`, `class`) VALUES (459, '3y', '992.79', 2);
INSERT INTO seat (`id`, `location`, `price`, `class`) VALUES (460, '8f', '2593.29', 2);
INSERT INTO seat (`id`, `location`, `price`, `class`) VALUES (461, '5d', '667.97', 2);
INSERT INTO seat (`id`, `location`, `price`, `class`) VALUES (462, '8z', '54.43', 2);
INSERT INTO seat (`id`, `location`, `price`, `class`) VALUES (463, '4k', '2684.17', 2);
INSERT INTO seat (`id`, `location`, `price`, `class`) VALUES (464, '9l', '2128.36', 2);
INSERT INTO seat (`id`, `location`, `price`, `class`) VALUES (465, '3u', '1727.56', 2);
INSERT INTO seat (`id`, `location`, `price`, `class`) VALUES (466, '4v', '894.34', 2);
INSERT INTO seat (`id`, `location`, `price`, `class`) VALUES (467, '6t', '3710.44', 2);
INSERT INTO seat (`id`, `location`, `price`, `class`) VALUES (468, '1r', '1466.86', 2);
INSERT INTO seat (`id`, `location`, `price`, `class`) VALUES (469, '6v', '489.79', 2);
INSERT INTO seat (`id`, `location`, `price`, `class`) VALUES (470, '1o', '4796.94', 2);
INSERT INTO seat (`id`, `location`, `price`, `class`) VALUES (471, '1v', '3137.71', 2);
INSERT INTO seat (`id`, `location`, `price`, `class`) VALUES (472, '4x', '1291.03', 2);
INSERT INTO seat (`id`, `location`, `price`, `class`) VALUES (473, '3t', '3407.76', 2);
INSERT INTO seat (`id`, `location`, `price`, `class`) VALUES (474, '3w', '2745.23', 2);
INSERT INTO seat (`id`, `location`, `price`, `class`) VALUES (475, '5f', '143.59', 2);
INSERT INTO seat (`id`, `location`, `price`, `class`) VALUES (476, '2b', '3403.91', 2);
INSERT INTO seat (`id`, `location`, `price`, `class`) VALUES (477, '5t', '1093.55', 2);
INSERT INTO seat (`id`, `location`, `price`, `class`) VALUES (478, '9m', '1802.92', 2);
INSERT INTO seat (`id`, `location`, `price`, `class`) VALUES (479, '3n', '910.33', 2);
INSERT INTO seat (`id`, `location`, `price`, `class`) VALUES (480, '2u', '4172.21', 2);
INSERT INTO seat (`id`, `location`, `price`, `class`) VALUES (481, '9m', '4224.08', 2);
INSERT INTO seat (`id`, `location`, `price`, `class`) VALUES (482, '0h', '1658', 2);
INSERT INTO seat (`id`, `location`, `price`, `class`) VALUES (483, '1j', '2898.71', 2);
INSERT INTO seat (`id`, `location`, `price`, `class`) VALUES (484, '1s', '1952.86', 2);
INSERT INTO seat (`id`, `location`, `price`, `class`) VALUES (485, '0n', '2693.11', 2);
INSERT INTO seat (`id`, `location`, `price`, `class`) VALUES (486, '7f', '1705.28', 2);
INSERT INTO seat (`id`, `location`, `price`, `class`) VALUES (487, '0y', '1224.17', 2);
INSERT INTO seat (`id`, `location`, `price`, `class`) VALUES (488, '4i', '3311.9', 2);
INSERT INTO seat (`id`, `location`, `price`, `class`) VALUES (489, '4x', '4843.02', 2);
INSERT INTO seat (`id`, `location`, `price`, `class`) VALUES (490, '3y', '1782.67', 2);
INSERT INTO seat (`id`, `location`, `price`, `class`) VALUES (491, '6z', '3344.13', 2);
INSERT INTO seat (`id`, `location`, `price`, `class`) VALUES (492, '2d', '3735.95', 2);
INSERT INTO seat (`id`, `location`, `price`, `class`) VALUES (493, '2s', '4176.19', 2);
INSERT INTO seat (`id`, `location`, `price`, `class`) VALUES (494, '5r', '1833.75', 2);
INSERT INTO seat (`id`, `location`, `price`, `class`) VALUES (495, '9j', '248.74', 2);
INSERT INTO seat (`id`, `location`, `price`, `class`) VALUES (496, '6l', '2142.05', 2);
INSERT INTO seat (`id`, `location`, `price`, `class`) VALUES (497, '1x', '3391.53', 2);
INSERT INTO seat (`id`, `location`, `price`, `class`) VALUES (498, '1y', '776.33', 2);
INSERT INTO seat (`id`, `location`, `price`, `class`) VALUES (499, '8f', '3481.62', 2);
INSERT INTO seat (`id`, `location`, `price`, `class`) VALUES (500, '5s', '4612.59', 2);
INSERT INTO seat (`id`, `location`, `price`, `class`) VALUES (501, '1s', '2908.16', 2);
INSERT INTO seat (`id`, `location`, `price`, `class`) VALUES (502, '7k', '1544.63', 2);
INSERT INTO seat (`id`, `location`, `price`, `class`) VALUES (503, '5h', '2511.64', 2);
INSERT INTO seat (`id`, `location`, `price`, `class`) VALUES (504, '1t', '4617.34', 2);
INSERT INTO seat (`id`, `location`, `price`, `class`) VALUES (505, '7y', '4310.21', 2);
INSERT INTO seat (`id`, `location`, `price`, `class`) VALUES (506, '3a', '3103.66', 2);
INSERT INTO seat (`id`, `location`, `price`, `class`) VALUES (507, '5x', '4027.94', 2);
INSERT INTO seat (`id`, `location`, `price`, `class`) VALUES (508, '6m', '3105.81', 2);
INSERT INTO seat (`id`, `location`, `price`, `class`) VALUES (509, '9k', '161.96', 2);
INSERT INTO seat (`id`, `location`, `price`, `class`) VALUES (510, '9u', '3046.48', 2);
INSERT INTO seat (`id`, `location`, `price`, `class`) VALUES (511, '1d', '3453.71', 2);
INSERT INTO seat (`id`, `location`, `price`, `class`) VALUES (512, '9s', '3689.49', 2);
INSERT INTO seat (`id`, `location`, `price`, `class`) VALUES (513, '7k', '238.15', 2);
INSERT INTO seat (`id`, `location`, `price`, `class`) VALUES (514, '5f', '2234.67', 2);
INSERT INTO seat (`id`, `location`, `price`, `class`) VALUES (515, '4k', '1131.82', 2);
INSERT INTO seat (`id`, `location`, `price`, `class`) VALUES (516, '6w', '3603.92', 2);
INSERT INTO seat (`id`, `location`, `price`, `class`) VALUES (517, '3j', '1466.35', 2);
INSERT INTO seat (`id`, `location`, `price`, `class`) VALUES (518, '2s', '2535.25', 2);
INSERT INTO seat (`id`, `location`, `price`, `class`) VALUES (519, '1b', '1459.49', 2);
INSERT INTO seat (`id`, `location`, `price`, `class`) VALUES (520, '6f', '3117.03', 2);
INSERT INTO seat (`id`, `location`, `price`, `class`) VALUES (521, '9g', '3673.38', 2);
INSERT INTO seat (`id`, `location`, `price`, `class`) VALUES (522, '9c', '4941.8', 2);
INSERT INTO seat (`id`, `location`, `price`, `class`) VALUES (523, '4o', '4378.36', 2);
INSERT INTO seat (`id`, `location`, `price`, `class`) VALUES (524, '2p', '2776.95', 2);
INSERT INTO seat (`id`, `location`, `price`, `class`) VALUES (525, '0v', '3605.65', 2);
INSERT INTO seat (`id`, `location`, `price`, `class`) VALUES (526, '7i', '2635.64', 2);
INSERT INTO seat (`id`, `location`, `price`, `class`) VALUES (527, '2o', '4732.75', 2);
INSERT INTO seat (`id`, `location`, `price`, `class`) VALUES (528, '6o', '1147.49', 2);
INSERT INTO seat (`id`, `location`, `price`, `class`) VALUES (529, '2y', '844.2', 2);
INSERT INTO seat (`id`, `location`, `price`, `class`) VALUES (530, '6f', '735.27', 2);
INSERT INTO seat (`id`, `location`, `price`, `class`) VALUES (531, '4f', '4307.95', 2);
INSERT INTO seat (`id`, `location`, `price`, `class`) VALUES (532, '7f', '3662.07', 2);
INSERT INTO seat (`id`, `location`, `price`, `class`) VALUES (533, '7h', '1628.4', 2);
INSERT INTO seat (`id`, `location`, `price`, `class`) VALUES (534, '3v', '3626.26', 2);
INSERT INTO seat (`id`, `location`, `price`, `class`) VALUES (535, '4o', '4369.1', 2);
INSERT INTO seat (`id`, `location`, `price`, `class`) VALUES (536, '3e', '151.25', 2);
INSERT INTO seat (`id`, `location`, `price`, `class`) VALUES (537, '8x', '4381.22', 2);
INSERT INTO seat (`id`, `location`, `price`, `class`) VALUES (538, '4x', '2359.58', 2);
INSERT INTO seat (`id`, `location`, `price`, `class`) VALUES (539, '5s', '4002.72', 2);
INSERT INTO seat (`id`, `location`, `price`, `class`) VALUES (540, '2z', '599.4', 2);
INSERT INTO seat (`id`, `location`, `price`, `class`) VALUES (541, '1n', '713.94', 2);
INSERT INTO seat (`id`, `location`, `price`, `class`) VALUES (542, '8i', '1178.73', 2);
INSERT INTO seat (`id`, `location`, `price`, `class`) VALUES (543, '5c', '2722.53', 2);
INSERT INTO seat (`id`, `location`, `price`, `class`) VALUES (544, '5a', '3310.53', 2);
INSERT INTO seat (`id`, `location`, `price`, `class`) VALUES (545, '3z', '1237.77', 2);
INSERT INTO seat (`id`, `location`, `price`, `class`) VALUES (546, '2f', '2424.91', 2);
INSERT INTO seat (`id`, `location`, `price`, `class`) VALUES (547, '3s', '3682.9', 2);
INSERT INTO seat (`id`, `location`, `price`, `class`) VALUES (548, '4i', '3443.66', 2);
INSERT INTO seat (`id`, `location`, `price`, `class`) VALUES (549, '0o', '340.18', 2);
INSERT INTO seat (`id`, `location`, `price`, `class`) VALUES (550, '0c', '1696.16', 2);
INSERT INTO seat (`id`, `location`, `price`, `class`) VALUES (551, '0l', '3751.63', 2);
INSERT INTO seat (`id`, `location`, `price`, `class`) VALUES (552, '4w', '519.41', 2);
INSERT INTO seat (`id`, `location`, `price`, `class`) VALUES (553, '1m', '3737.39', 2);
INSERT INTO seat (`id`, `location`, `price`, `class`) VALUES (554, '5s', '605.52', 2);
INSERT INTO seat (`id`, `location`, `price`, `class`) VALUES (555, '8h', '1949.15', 2);
INSERT INTO seat (`id`, `location`, `price`, `class`) VALUES (556, '9s', '112.27', 2);
INSERT INTO seat (`id`, `location`, `price`, `class`) VALUES (557, '2s', '2195.96', 2);
INSERT INTO seat (`id`, `location`, `price`, `class`) VALUES (558, '6w', '3742.53', 2);
INSERT INTO seat (`id`, `location`, `price`, `class`) VALUES (559, '3f', '2646.67', 2);
INSERT INTO seat (`id`, `location`, `price`, `class`) VALUES (560, '1k', '2781.89', 2);
INSERT INTO seat (`id`, `location`, `price`, `class`) VALUES (561, '6n', '3369.58', 2);
INSERT INTO seat (`id`, `location`, `price`, `class`) VALUES (562, '9j', '2238.82', 2);
INSERT INTO seat (`id`, `location`, `price`, `class`) VALUES (563, '8p', '1929.04', 2);
INSERT INTO seat (`id`, `location`, `price`, `class`) VALUES (564, '9d', '854.14', 2);
INSERT INTO seat (`id`, `location`, `price`, `class`) VALUES (565, '0r', '2600.98', 2);
INSERT INTO seat (`id`, `location`, `price`, `class`) VALUES (566, '0l', '494.51', 2);
INSERT INTO seat (`id`, `location`, `price`, `class`) VALUES (567, '8b', '4682.74', 2);
INSERT INTO seat (`id`, `location`, `price`, `class`) VALUES (568, '0n', '677.88', 2);
INSERT INTO seat (`id`, `location`, `price`, `class`) VALUES (569, '4u', '747.24', 2);
INSERT INTO seat (`id`, `location`, `price`, `class`) VALUES (570, '5i', '3788.43', 2);
INSERT INTO seat (`id`, `location`, `price`, `class`) VALUES (571, '6f', '4220.27', 2);
INSERT INTO seat (`id`, `location`, `price`, `class`) VALUES (572, '5e', '3601.07', 2);
INSERT INTO seat (`id`, `location`, `price`, `class`) VALUES (573, '2l', '401.17', 2);
INSERT INTO seat (`id`, `location`, `price`, `class`) VALUES (574, '3r', '687.95', 2);
INSERT INTO seat (`id`, `location`, `price`, `class`) VALUES (575, '7z', '1556.27', 2);
INSERT INTO seat (`id`, `location`, `price`, `class`) VALUES (576, '7c', '4439.52', 2);
INSERT INTO seat (`id`, `location`, `price`, `class`) VALUES (577, '6a', '4553.42', 2);
INSERT INTO seat (`id`, `location`, `price`, `class`) VALUES (578, '9c', '795.78', 2);
INSERT INTO seat (`id`, `location`, `price`, `class`) VALUES (579, '3s', '2869.96', 2);
INSERT INTO seat (`id`, `location`, `price`, `class`) VALUES (580, '0h', '861.5', 2);
INSERT INTO seat (`id`, `location`, `price`, `class`) VALUES (581, '3o', '3805.14', 2);
INSERT INTO seat (`id`, `location`, `price`, `class`) VALUES (582, '8v', '2401.62', 2);
INSERT INTO seat (`id`, `location`, `price`, `class`) VALUES (583, '1s', '660.42', 2);
INSERT INTO seat (`id`, `location`, `price`, `class`) VALUES (584, '4n', '1923.87', 2);
INSERT INTO seat (`id`, `location`, `price`, `class`) VALUES (585, '5q', '2767.91', 2);
INSERT INTO seat (`id`, `location`, `price`, `class`) VALUES (586, '5u', '3408.8', 2);
INSERT INTO seat (`id`, `location`, `price`, `class`) VALUES (587, '1m', '3147.83', 2);
INSERT INTO seat (`id`, `location`, `price`, `class`) VALUES (588, '3i', '3391.7', 2);
INSERT INTO seat (`id`, `location`, `price`, `class`) VALUES (589, '1o', '1122.49', 2);
INSERT INTO seat (`id`, `location`, `price`, `class`) VALUES (590, '3q', '4746.59', 2);
INSERT INTO seat (`id`, `location`, `price`, `class`) VALUES (591, '4j', '4603.66', 2);
INSERT INTO seat (`id`, `location`, `price`, `class`) VALUES (592, '1i', '4368.47', 2);
INSERT INTO seat (`id`, `location`, `price`, `class`) VALUES (593, '6x', '4792.89', 2);
INSERT INTO seat (`id`, `location`, `price`, `class`) VALUES (594, '6r', '4230.83', 2);
INSERT INTO seat (`id`, `location`, `price`, `class`) VALUES (595, '0h', '4317.57', 2);
INSERT INTO seat (`id`, `location`, `price`, `class`) VALUES (596, '9v', '1267.09', 2);
INSERT INTO seat (`id`, `location`, `price`, `class`) VALUES (597, '4p', '3130.11', 2);
INSERT INTO seat (`id`, `location`, `price`, `class`) VALUES (598, '0q', '137.68', 2);
INSERT INTO seat (`id`, `location`, `price`, `class`) VALUES (599, '5m', '1061.37', 2);
INSERT INTO seat (`id`, `location`, `price`, `class`) VALUES (600, '2h', '743.26', 2);
INSERT INTO seat (`id`, `location`, `price`, `class`) VALUES (601, '6k', '826.29', 2);
INSERT INTO seat (`id`, `location`, `price`, `class`) VALUES (602, '2u', '4815.79', 2);
INSERT INTO seat (`id`, `location`, `price`, `class`) VALUES (603, '4z', '748.27', 2);
INSERT INTO seat (`id`, `location`, `price`, `class`) VALUES (604, '6j', '1817.58', 2);
INSERT INTO seat (`id`, `location`, `price`, `class`) VALUES (605, '4y', '4502.56', 2);
INSERT INTO seat (`id`, `location`, `price`, `class`) VALUES (606, '1b', '4083.97', 2);
INSERT INTO seat (`id`, `location`, `price`, `class`) VALUES (607, '9u', '1656.16', 2);
INSERT INTO seat (`id`, `location`, `price`, `class`) VALUES (608, '0o', '3279.62', 2);
INSERT INTO seat (`id`, `location`, `price`, `class`) VALUES (609, '8u', '4926.14', 2);
INSERT INTO seat (`id`, `location`, `price`, `class`) VALUES (610, '9m', '395.37', 2);
INSERT INTO seat (`id`, `location`, `price`, `class`) VALUES (611, '3f', '364.26', 2);
INSERT INTO seat (`id`, `location`, `price`, `class`) VALUES (612, '8b', '59.62', 2);
INSERT INTO seat (`id`, `location`, `price`, `class`) VALUES (613, '4y', '1276.18', 2);
INSERT INTO seat (`id`, `location`, `price`, `class`) VALUES (614, '3a', '3888.46', 2);
INSERT INTO seat (`id`, `location`, `price`, `class`) VALUES (615, '0j', '3666.34', 2);
INSERT INTO seat (`id`, `location`, `price`, `class`) VALUES (616, '0k', '748', 2);
INSERT INTO seat (`id`, `location`, `price`, `class`) VALUES (617, '9w', '1719.62', 2);
INSERT INTO seat (`id`, `location`, `price`, `class`) VALUES (618, '0i', '2792.95', 2);
INSERT INTO seat (`id`, `location`, `price`, `class`) VALUES (619, '8f', '3982.45', 2);
INSERT INTO seat (`id`, `location`, `price`, `class`) VALUES (620, '8i', '1641.94', 2);
INSERT INTO seat (`id`, `location`, `price`, `class`) VALUES (621, '7m', '2736.91', 2);
INSERT INTO seat (`id`, `location`, `price`, `class`) VALUES (622, '4y', '4593.28', 2);
INSERT INTO seat (`id`, `location`, `price`, `class`) VALUES (623, '5w', '1124.47', 2);
INSERT INTO seat (`id`, `location`, `price`, `class`) VALUES (624, '2s', '4074.66', 2);
INSERT INTO seat (`id`, `location`, `price`, `class`) VALUES (625, '8o', '4776.3', 2);
INSERT INTO seat (`id`, `location`, `price`, `class`) VALUES (626, '7n', '1293.85', 2);
INSERT INTO seat (`id`, `location`, `price`, `class`) VALUES (627, '2t', '3935.28', 2);
INSERT INTO seat (`id`, `location`, `price`, `class`) VALUES (628, '3m', '1800.46', 2);
INSERT INTO seat (`id`, `location`, `price`, `class`) VALUES (629, '6o', '158.64', 2);
INSERT INTO seat (`id`, `location`, `price`, `class`) VALUES (630, '6g', '3450.72', 2);
INSERT INTO seat (`id`, `location`, `price`, `class`) VALUES (631, '8m', '3727.86', 2);
INSERT INTO seat (`id`, `location`, `price`, `class`) VALUES (632, '8s', '4701.9', 2);
INSERT INTO seat (`id`, `location`, `price`, `class`) VALUES (633, '9w', '4558.87', 2);
INSERT INTO seat (`id`, `location`, `price`, `class`) VALUES (634, '3x', '3762.45', 2);
INSERT INTO seat (`id`, `location`, `price`, `class`) VALUES (635, '6s', '1670.4', 2);
INSERT INTO seat (`id`, `location`, `price`, `class`) VALUES (636, '7z', '1414.9', 2);
INSERT INTO seat (`id`, `location`, `price`, `class`) VALUES (637, '7y', '842.3', 2);
INSERT INTO seat (`id`, `location`, `price`, `class`) VALUES (638, '4x', '55.56', 2);
INSERT INTO seat (`id`, `location`, `price`, `class`) VALUES (639, '2y', '3458.68', 2);
INSERT INTO seat (`id`, `location`, `price`, `class`) VALUES (640, '2h', '4112.65', 2);
INSERT INTO seat (`id`, `location`, `price`, `class`) VALUES (641, '6t', '3152.17', 2);
INSERT INTO seat (`id`, `location`, `price`, `class`) VALUES (642, '4k', '3119.78', 2);
INSERT INTO seat (`id`, `location`, `price`, `class`) VALUES (643, '5m', '2239.57', 2);
INSERT INTO seat (`id`, `location`, `price`, `class`) VALUES (644, '8a', '1537.82', 2);
INSERT INTO seat (`id`, `location`, `price`, `class`) VALUES (645, '1v', '2453.81', 2);
INSERT INTO seat (`id`, `location`, `price`, `class`) VALUES (646, '8e', '3091.47', 2);
INSERT INTO seat (`id`, `location`, `price`, `class`) VALUES (647, '9j', '155.29', 2);
INSERT INTO seat (`id`, `location`, `price`, `class`) VALUES (648, '8h', '1561.57', 2);
INSERT INTO seat (`id`, `location`, `price`, `class`) VALUES (649, '1l', '4648.21', 2);
INSERT INTO seat (`id`, `location`, `price`, `class`) VALUES (650, '4o', '1726.46', 2);
INSERT INTO seat (`id`, `location`, `price`, `class`) VALUES (651, '6y', '3782.55', 2);
INSERT INTO seat (`id`, `location`, `price`, `class`) VALUES (652, '7h', '2574.21', 2);
INSERT INTO seat (`id`, `location`, `price`, `class`) VALUES (653, '8h', '3667.7', 2);
INSERT INTO seat (`id`, `location`, `price`, `class`) VALUES (654, '8j', '2031.6', 2);
INSERT INTO seat (`id`, `location`, `price`, `class`) VALUES (655, '1d', '1457.97', 2);
INSERT INTO seat (`id`, `location`, `price`, `class`) VALUES (656, '6b', '4825.19', 2);
INSERT INTO seat (`id`, `location`, `price`, `class`) VALUES (657, '9j', '4017.49', 2);
INSERT INTO seat (`id`, `location`, `price`, `class`) VALUES (658, '8r', '1041.66', 2);
INSERT INTO seat (`id`, `location`, `price`, `class`) VALUES (659, '3q', '1500.85', 2);
INSERT INTO seat (`id`, `location`, `price`, `class`) VALUES (660, '1e', '2650.38', 2);
INSERT INTO seat (`id`, `location`, `price`, `class`) VALUES (661, '4b', '1344.23', 2);
INSERT INTO seat (`id`, `location`, `price`, `class`) VALUES (662, '4s', '2012.63', 2);
INSERT INTO seat (`id`, `location`, `price`, `class`) VALUES (663, '4k', '1507.59', 2);
INSERT INTO seat (`id`, `location`, `price`, `class`) VALUES (664, '9p', '329.95', 2);
INSERT INTO seat (`id`, `location`, `price`, `class`) VALUES (665, '7d', '90.06', 2);
INSERT INTO seat (`id`, `location`, `price`, `class`) VALUES (666, '6y', '2726.22', 2);
INSERT INTO seat (`id`, `location`, `price`, `class`) VALUES (667, '5s', '3488.64', 2);
INSERT INTO seat (`id`, `location`, `price`, `class`) VALUES (668, '2n', '3393.69', 2);
INSERT INTO seat (`id`, `location`, `price`, `class`) VALUES (669, '7d', '1816.27', 2);
INSERT INTO seat (`id`, `location`, `price`, `class`) VALUES (670, '1y', '97.87', 2);
INSERT INTO seat (`id`, `location`, `price`, `class`) VALUES (671, '2a', '1750.94', 2);
INSERT INTO seat (`id`, `location`, `price`, `class`) VALUES (672, '6h', '3409.38', 2);
INSERT INTO seat (`id`, `location`, `price`, `class`) VALUES (673, '2w', '4467.24', 2);
INSERT INTO seat (`id`, `location`, `price`, `class`) VALUES (674, '5f', '4672.64', 2);
INSERT INTO seat (`id`, `location`, `price`, `class`) VALUES (675, '2z', '3150.3', 2);
INSERT INTO seat (`id`, `location`, `price`, `class`) VALUES (676, '3w', '3557.32', 2);
INSERT INTO seat (`id`, `location`, `price`, `class`) VALUES (677, '5b', '2907.52', 2);
INSERT INTO seat (`id`, `location`, `price`, `class`) VALUES (678, '8q', '4285.96', 2);
INSERT INTO seat (`id`, `location`, `price`, `class`) VALUES (679, '1k', '722.09', 2);
INSERT INTO seat (`id`, `location`, `price`, `class`) VALUES (680, '3c', '648.24', 2);
INSERT INTO seat (`id`, `location`, `price`, `class`) VALUES (681, '0u', '4825.11', 2);
INSERT INTO seat (`id`, `location`, `price`, `class`) VALUES (682, '1j', '1593.96', 2);
INSERT INTO seat (`id`, `location`, `price`, `class`) VALUES (683, '1i', '241.95', 2);
INSERT INTO seat (`id`, `location`, `price`, `class`) VALUES (684, '0u', '892.2', 2);
INSERT INTO seat (`id`, `location`, `price`, `class`) VALUES (685, '6w', '2972.18', 2);
INSERT INTO seat (`id`, `location`, `price`, `class`) VALUES (686, '6q', '3557.38', 2);
INSERT INTO seat (`id`, `location`, `price`, `class`) VALUES (687, '7u', '234.53', 2);
INSERT INTO seat (`id`, `location`, `price`, `class`) VALUES (688, '0f', '4825.61', 2);
INSERT INTO seat (`id`, `location`, `price`, `class`) VALUES (689, '1f', '493.49', 2);
INSERT INTO seat (`id`, `location`, `price`, `class`) VALUES (690, '9m', '4584.96', 2);
INSERT INTO seat (`id`, `location`, `price`, `class`) VALUES (691, '0q', '1126.11', 2);
INSERT INTO seat (`id`, `location`, `price`, `class`) VALUES (692, '7k', '1621.75', 2);
INSERT INTO seat (`id`, `location`, `price`, `class`) VALUES (693, '8v', '1147.09', 2);
INSERT INTO seat (`id`, `location`, `price`, `class`) VALUES (694, '7c', '3242.34', 2);
INSERT INTO seat (`id`, `location`, `price`, `class`) VALUES (695, '7u', '2089.01', 2);
INSERT INTO seat (`id`, `location`, `price`, `class`) VALUES (696, '9z', '3991.84', 2);
INSERT INTO seat (`id`, `location`, `price`, `class`) VALUES (697, '0e', '2186.64', 2);
INSERT INTO seat (`id`, `location`, `price`, `class`) VALUES (698, '2t', '1934', 2);
INSERT INTO seat (`id`, `location`, `price`, `class`) VALUES (699, '5g', '2250.11', 2);
INSERT INTO seat (`id`, `location`, `price`, `class`) VALUES (700, '1n', '1348.33', 2);
INSERT INTO seat (`id`, `location`, `price`, `class`) VALUES (701, '1i', '685.63', 2);
INSERT INTO seat (`id`, `location`, `price`, `class`) VALUES (702, '7d', '1690.73', 2);
INSERT INTO seat (`id`, `location`, `price`, `class`) VALUES (703, '8r', '4583.37', 2);
INSERT INTO seat (`id`, `location`, `price`, `class`) VALUES (704, '4c', '3118.27', 2);
INSERT INTO seat (`id`, `location`, `price`, `class`) VALUES (705, '2f', '3362.4', 2);
INSERT INTO seat (`id`, `location`, `price`, `class`) VALUES (706, '7a', '2334.14', 2);
INSERT INTO seat (`id`, `location`, `price`, `class`) VALUES (707, '3d', '4929.53', 2);
INSERT INTO seat (`id`, `location`, `price`, `class`) VALUES (708, '6n', '3091.77', 2);
INSERT INTO seat (`id`, `location`, `price`, `class`) VALUES (709, '3u', '3685.95', 2);
INSERT INTO seat (`id`, `location`, `price`, `class`) VALUES (710, '4p', '3091.19', 2);
INSERT INTO seat (`id`, `location`, `price`, `class`) VALUES (711, '8j', '1619.58', 2);
INSERT INTO seat (`id`, `location`, `price`, `class`) VALUES (712, '4b', '3472.62', 2);
INSERT INTO seat (`id`, `location`, `price`, `class`) VALUES (713, '7d', '2065.07', 2);
INSERT INTO seat (`id`, `location`, `price`, `class`) VALUES (714, '0a', '1276.79', 2);
INSERT INTO seat (`id`, `location`, `price`, `class`) VALUES (715, '1h', '545.3', 2);
INSERT INTO seat (`id`, `location`, `price`, `class`) VALUES (716, '8h', '4239.33', 2);
INSERT INTO seat (`id`, `location`, `price`, `class`) VALUES (717, '8u', '3764.89', 2);
INSERT INTO seat (`id`, `location`, `price`, `class`) VALUES (718, '4v', '3564.76', 2);
INSERT INTO seat (`id`, `location`, `price`, `class`) VALUES (719, '1o', '3685.21', 2);
INSERT INTO seat (`id`, `location`, `price`, `class`) VALUES (720, '1h', '3334.66', 2);
INSERT INTO seat (`id`, `location`, `price`, `class`) VALUES (721, '8v', '2933.08', 2);
INSERT INTO seat (`id`, `location`, `price`, `class`) VALUES (722, '2j', '2961.2', 2);
INSERT INTO seat (`id`, `location`, `price`, `class`) VALUES (723, '7o', '2188.22', 2);
INSERT INTO seat (`id`, `location`, `price`, `class`) VALUES (724, '6m', '3367.57', 2);
INSERT INTO seat (`id`, `location`, `price`, `class`) VALUES (725, '8e', '1790.39', 2);
INSERT INTO seat (`id`, `location`, `price`, `class`) VALUES (726, '6f', '927.89', 2);
INSERT INTO seat (`id`, `location`, `price`, `class`) VALUES (727, '7w', '2838.46', 2);
INSERT INTO seat (`id`, `location`, `price`, `class`) VALUES (728, '5a', '2503.04', 2);
INSERT INTO seat (`id`, `location`, `price`, `class`) VALUES (729, '5q', '2350.67', 2);
INSERT INTO seat (`id`, `location`, `price`, `class`) VALUES (730, '8p', '3660.47', 2);
INSERT INTO seat (`id`, `location`, `price`, `class`) VALUES (731, '0t', '4354.45', 2);
INSERT INTO seat (`id`, `location`, `price`, `class`) VALUES (732, '2n', '4864.65', 2);
INSERT INTO seat (`id`, `location`, `price`, `class`) VALUES (733, '2h', '1093.35', 2);
INSERT INTO seat (`id`, `location`, `price`, `class`) VALUES (734, '1x', '2304.85', 2);
INSERT INTO seat (`id`, `location`, `price`, `class`) VALUES (735, '0o', '297.82', 2);
INSERT INTO seat (`id`, `location`, `price`, `class`) VALUES (736, '2k', '3027.15', 2);
INSERT INTO seat (`id`, `location`, `price`, `class`) VALUES (737, '9w', '1257.86', 2);
INSERT INTO seat (`id`, `location`, `price`, `class`) VALUES (738, '9w', '4649.54', 2);
INSERT INTO seat (`id`, `location`, `price`, `class`) VALUES (739, '6o', '950.84', 2);
INSERT INTO seat (`id`, `location`, `price`, `class`) VALUES (740, '9u', '4916.67', 2);
INSERT INTO seat (`id`, `location`, `price`, `class`) VALUES (741, '3z', '2241.07', 2);
INSERT INTO seat (`id`, `location`, `price`, `class`) VALUES (742, '5a', '880.3', 2);
INSERT INTO seat (`id`, `location`, `price`, `class`) VALUES (743, '4v', '723.64', 2);
INSERT INTO seat (`id`, `location`, `price`, `class`) VALUES (744, '9b', '4556.6', 2);
INSERT INTO seat (`id`, `location`, `price`, `class`) VALUES (745, '4y', '1860.4', 2);
INSERT INTO seat (`id`, `location`, `price`, `class`) VALUES (746, '4s', '4203.44', 2);
INSERT INTO seat (`id`, `location`, `price`, `class`) VALUES (747, '7c', '2529.07', 2);
INSERT INTO seat (`id`, `location`, `price`, `class`) VALUES (748, '7g', '1075.77', 2);
INSERT INTO seat (`id`, `location`, `price`, `class`) VALUES (749, '9f', '1013.75', 2);
INSERT INTO seat (`id`, `location`, `price`, `class`) VALUES (750, '5r', '3651.63', 2);
INSERT INTO seat (`id`, `location`, `price`, `class`) VALUES (751, '4v', '1973.19', 2);
INSERT INTO seat (`id`, `location`, `price`, `class`) VALUES (752, '3c', '3287.89', 2);
INSERT INTO seat (`id`, `location`, `price`, `class`) VALUES (753, '7b', '3489.65', 2);
INSERT INTO seat (`id`, `location`, `price`, `class`) VALUES (754, '9g', '472.28', 2);
INSERT INTO seat (`id`, `location`, `price`, `class`) VALUES (755, '7f', '1067.59', 2);
INSERT INTO seat (`id`, `location`, `price`, `class`) VALUES (756, '9r', '872.15', 2);
INSERT INTO seat (`id`, `location`, `price`, `class`) VALUES (757, '0p', '2957.9', 2);
INSERT INTO seat (`id`, `location`, `price`, `class`) VALUES (758, '3n', '4234.66', 2);
INSERT INTO seat (`id`, `location`, `price`, `class`) VALUES (759, '6g', '1640.16', 2);
INSERT INTO seat (`id`, `location`, `price`, `class`) VALUES (760, '2a', '3554.32', 2);
INSERT INTO seat (`id`, `location`, `price`, `class`) VALUES (761, '7z', '3088.03', 2);
INSERT INTO seat (`id`, `location`, `price`, `class`) VALUES (762, '1k', '2990.12', 2);
INSERT INTO seat (`id`, `location`, `price`, `class`) VALUES (763, '0q', '566.62', 2);
INSERT INTO seat (`id`, `location`, `price`, `class`) VALUES (764, '5x', '1944.37', 2);
INSERT INTO seat (`id`, `location`, `price`, `class`) VALUES (765, '8r', '218.94', 2);
INSERT INTO seat (`id`, `location`, `price`, `class`) VALUES (766, '5f', '1546.04', 2);
INSERT INTO seat (`id`, `location`, `price`, `class`) VALUES (767, '0m', '366.02', 2);
INSERT INTO seat (`id`, `location`, `price`, `class`) VALUES (768, '7f', '702.54', 2);
INSERT INTO seat (`id`, `location`, `price`, `class`) VALUES (769, '6r', '2594.81', 2);
INSERT INTO seat (`id`, `location`, `price`, `class`) VALUES (770, '6u', '2260.56', 2);
INSERT INTO seat (`id`, `location`, `price`, `class`) VALUES (771, '7r', '3282.76', 2);
INSERT INTO seat (`id`, `location`, `price`, `class`) VALUES (772, '3l', '2846.04', 2);
INSERT INTO seat (`id`, `location`, `price`, `class`) VALUES (773, '8g', '1708.7', 2);
INSERT INTO seat (`id`, `location`, `price`, `class`) VALUES (774, '5m', '527.56', 2);
INSERT INTO seat (`id`, `location`, `price`, `class`) VALUES (775, '6i', '1552.11', 2);
INSERT INTO seat (`id`, `location`, `price`, `class`) VALUES (776, '0r', '1634.2', 2);
INSERT INTO seat (`id`, `location`, `price`, `class`) VALUES (777, '8c', '74.06', 2);
INSERT INTO seat (`id`, `location`, `price`, `class`) VALUES (778, '4n', '1152.71', 2);
INSERT INTO seat (`id`, `location`, `price`, `class`) VALUES (779, '9c', '2974.23', 2);
INSERT INTO seat (`id`, `location`, `price`, `class`) VALUES (780, '9s', '577.36', 2);
INSERT INTO seat (`id`, `location`, `price`, `class`) VALUES (781, '1z', '2060.72', 2);
INSERT INTO seat (`id`, `location`, `price`, `class`) VALUES (782, '3w', '3333.23', 2);
INSERT INTO seat (`id`, `location`, `price`, `class`) VALUES (783, '2k', '3584.52', 2);
INSERT INTO seat (`id`, `location`, `price`, `class`) VALUES (784, '7x', '648.75', 2);
INSERT INTO seat (`id`, `location`, `price`, `class`) VALUES (785, '6o', '3562.06', 2);
INSERT INTO seat (`id`, `location`, `price`, `class`) VALUES (786, '5g', '3465.15', 2);
INSERT INTO seat (`id`, `location`, `price`, `class`) VALUES (787, '2u', '1070.53', 2);
INSERT INTO seat (`id`, `location`, `price`, `class`) VALUES (788, '6i', '3908.39', 2);
INSERT INTO seat (`id`, `location`, `price`, `class`) VALUES (789, '4m', '2514.31', 2);
INSERT INTO seat (`id`, `location`, `price`, `class`) VALUES (790, '4x', '3842.76', 2);
INSERT INTO seat (`id`, `location`, `price`, `class`) VALUES (791, '5n', '1849.42', 2);
INSERT INTO seat (`id`, `location`, `price`, `class`) VALUES (792, '8m', '726.54', 2);
INSERT INTO seat (`id`, `location`, `price`, `class`) VALUES (793, '6j', '4215.27', 2);
INSERT INTO seat (`id`, `location`, `price`, `class`) VALUES (794, '8c', '1010.16', 2);
INSERT INTO seat (`id`, `location`, `price`, `class`) VALUES (795, '4f', '56.75', 2);
INSERT INTO seat (`id`, `location`, `price`, `class`) VALUES (796, '6d', '1414.23', 2);
INSERT INTO seat (`id`, `location`, `price`, `class`) VALUES (797, '0m', '1268.42', 2);
INSERT INTO seat (`id`, `location`, `price`, `class`) VALUES (798, '9i', '221.65', 2);
INSERT INTO seat (`id`, `location`, `price`, `class`) VALUES (799, '5j', '2408.09', 2);
INSERT INTO seat (`id`, `location`, `price`, `class`) VALUES (800, '9u', '1230.66', 2);
INSERT INTO seat (`id`, `location`, `price`, `class`) VALUES (801, '9q', '4463.58', 2);
INSERT INTO seat (`id`, `location`, `price`, `class`) VALUES (802, '2e', '3717.41', 2);
INSERT INTO seat (`id`, `location`, `price`, `class`) VALUES (803, '9j', '589.2', 2);
INSERT INTO seat (`id`, `location`, `price`, `class`) VALUES (804, '0d', '1261.66', 2);
INSERT INTO seat (`id`, `location`, `price`, `class`) VALUES (805, '1p', '3041.75', 2);
INSERT INTO seat (`id`, `location`, `price`, `class`) VALUES (806, '8e', '4005.17', 2);
INSERT INTO seat (`id`, `location`, `price`, `class`) VALUES (807, '0o', '1103.99', 2);
INSERT INTO seat (`id`, `location`, `price`, `class`) VALUES (808, '7e', '2872.33', 2);
INSERT INTO seat (`id`, `location`, `price`, `class`) VALUES (809, '2w', '105.69', 2);
INSERT INTO seat (`id`, `location`, `price`, `class`) VALUES (810, '9u', '1305.71', 2);
INSERT INTO seat (`id`, `location`, `price`, `class`) VALUES (814, '9a', '1306.71', 2);
INSERT INTO seat (`id`, `location`, `price`, `class`) VALUES (811, '0q', '3984.11', 2);
INSERT INTO seat (`id`, `location`, `price`, `class`) VALUES (812, '0q', '3984.11', 2);
INSERT INTO seat (`id`, `location`, `price`, `class`) VALUES (813, '0q', '3984.11', 2);
INSERT INTO seat (`id`, `location`, `price`, `class`) VALUES (815, '3f', '3984.11', 2);
INSERT INTO seat (`id`, `location`, `price`, `class`) VALUES (816, '0q', '3984.11', 2);
INSERT INTO seat (`id`, `location`, `price`, `class`) VALUES (817, '0q', '3984.11', 2);
INSERT INTO seat (`id`, `location`, `price`, `class`) VALUES (818, '0q', '3984.11', 2);
INSERT INTO seat (`id`, `location`, `price`, `class`) VALUES (819, '0q', '3984.11', 2);
INSERT INTO seat (`id`, `location`, `price`, `class`) VALUES (820, '0q', '3984.11', 2);
INSERT INTO seat (`id`, `location`, `price`, `class`) VALUES (821, '0q', '3984.11', 2);
INSERT INTO seat (`id`, `location`, `price`, `class`) VALUES (824, '5y', '2521.74', 2);
INSERT INTO seat (`id`, `location`, `price`, `class`) VALUES (822, '9a', '3331.68', 2);
INSERT INTO seat (`id`, `location`, `price`, `class`) VALUES (823, '1u', '4159.64', 2);
INSERT INTO seat (`id`, `location`, `price`, `class`) VALUES (825, '0q', '3984.11', 2);
INSERT INTO seat (`id`, `location`, `price`, `class`) VALUES (826, '0q', '3984.11', 2);
INSERT INTO seat (`id`, `location`, `price`, `class`) VALUES (827, '0q', '3984.11', 2);
INSERT INTO seat (`id`, `location`, `price`, `class`) VALUES (828, '0q', '3984.11', 2);
INSERT INTO seat (`id`, `location`, `price`, `class`) VALUES (829, '0q', '3984.11', 2);
INSERT INTO seat (`id`, `location`, `price`, `class`) VALUES (830, '0q', '3984.11', 2);
INSERT INTO seat (`id`, `location`, `price`, `class`) VALUES (831, '3m', '1523.49', 2);
INSERT INTO seat (`id`, `location`, `price`, `class`) VALUES (832, '3s', '2072.83', 2);
INSERT INTO seat (`id`, `location`, `price`, `class`) VALUES (833, '6b', '2527.76', 2);
INSERT INTO seat (`id`, `location`, `price`, `class`) VALUES (834, '4x', '3495.79', 2);
INSERT INTO seat (`id`, `location`, `price`, `class`) VALUES (835, '7z', '1197.58', 2);
INSERT INTO seat (`id`, `location`, `price`, `class`) VALUES (836, '6u', '2111.11', 2);
INSERT INTO seat (`id`, `location`, `price`, `class`) VALUES (837, '9x', '3032.79', 2);
INSERT INTO seat (`id`, `location`, `price`, `class`) VALUES (838, '0y', '1657.14', 2);
INSERT INTO seat (`id`, `location`, `price`, `class`) VALUES (839, '4i', '2517.79', 2);
INSERT INTO seat (`id`, `location`, `price`, `class`) VALUES (840, '9p', '2433.3', 2);
INSERT INTO seat (`id`, `location`, `price`, `class`) VALUES (841, '1b', '1389.93', 2);
INSERT INTO seat (`id`, `location`, `price`, `class`) VALUES (842, '1y', '889.08', 2);
INSERT INTO seat (`id`, `location`, `price`, `class`) VALUES (843, '4b', '2631.08', 2);
INSERT INTO seat (`id`, `location`, `price`, `class`) VALUES (844, '1v', '1134.78', 2);
INSERT INTO seat (`id`, `location`, `price`, `class`) VALUES (845, '1q', '681.8', 2);
INSERT INTO seat (`id`, `location`, `price`, `class`) VALUES (846, '5a', '2890.29', 2);
INSERT INTO seat (`id`, `location`, `price`, `class`) VALUES (847, '0m', '2237.9', 2);
INSERT INTO seat (`id`, `location`, `price`, `class`) VALUES (848, '1n', '2837.91', 2);
INSERT INTO seat (`id`, `location`, `price`, `class`) VALUES (849, '3h', '1318.83', 2);
INSERT INTO seat (`id`, `location`, `price`, `class`) VALUES (850, '4d', '2709.55', 2);
INSERT INTO seat (`id`, `location`, `price`, `class`) VALUES (851, '6y', '803.5', 2);
INSERT INTO seat (`id`, `location`, `price`, `class`) VALUES (852, '2m', '81.15', 2);
INSERT INTO seat (`id`, `location`, `price`, `class`) VALUES (853, '5a', '2832.8', 2);
INSERT INTO seat (`id`, `location`, `price`, `class`) VALUES (854, '1y', '500.33', 2);
INSERT INTO seat (`id`, `location`, `price`, `class`) VALUES (855, '7a', '149.97', 2);
INSERT INTO seat (`id`, `location`, `price`, `class`) VALUES (856, '7i', '780.56', 2);
INSERT INTO seat (`id`, `location`, `price`, `class`) VALUES (857, '2o', '2590.19', 2);
INSERT INTO seat (`id`, `location`, `price`, `class`) VALUES (858, '4x', '4912.09', 2);
INSERT INTO seat (`id`, `location`, `price`, `class`) VALUES (859, '4t', '1560.93', 2);
INSERT INTO seat (`id`, `location`, `price`, `class`) VALUES (860, '8f', '2447.02', 2);
INSERT INTO seat (`id`, `location`, `price`, `class`) VALUES (861, '6c', '3405.17', 2);
INSERT INTO seat (`id`, `location`, `price`, `class`) VALUES (862, '0v', '3066.71', 2);
INSERT INTO seat (`id`, `location`, `price`, `class`) VALUES (863, '7c', '2618.32', 2);
INSERT INTO seat (`id`, `location`, `price`, `class`) VALUES (864, '8r', '496.58', 2);
INSERT INTO seat (`id`, `location`, `price`, `class`) VALUES (865, '1h', '3018.8', 2);
INSERT INTO seat (`id`, `location`, `price`, `class`) VALUES (866, '4c', '4675.89', 2);
INSERT INTO seat (`id`, `location`, `price`, `class`) VALUES (867, '1s', '4020.03', 2);
INSERT INTO seat (`id`, `location`, `price`, `class`) VALUES (868, '3s', '4382.42', 2);
INSERT INTO seat (`id`, `location`, `price`, `class`) VALUES (869, '2a', '4037.96', 2);
INSERT INTO seat (`id`, `location`, `price`, `class`) VALUES (870, '1e', '2781.9', 2);
INSERT INTO seat (`id`, `location`, `price`, `class`) VALUES (871, '5h', '73.86', 2);
INSERT INTO seat (`id`, `location`, `price`, `class`) VALUES (872, '5r', '3145.13', 2);
INSERT INTO seat (`id`, `location`, `price`, `class`) VALUES (873, '7i', '3553.48', 2);
INSERT INTO seat (`id`, `location`, `price`, `class`) VALUES (874, '2x', '2951.33', 2);
INSERT INTO seat (`id`, `location`, `price`, `class`) VALUES (875, '4x', '154.92', 2);
INSERT INTO seat (`id`, `location`, `price`, `class`) VALUES (876, '5f', '3761.84', 2);
INSERT INTO seat (`id`, `location`, `price`, `class`) VALUES (877, '8p', '2954.71', 2);
INSERT INTO seat (`id`, `location`, `price`, `class`) VALUES (878, '6m', '3354.25', 2);
INSERT INTO seat (`id`, `location`, `price`, `class`) VALUES (879, '2g', '1701.95', 2);
INSERT INTO seat (`id`, `location`, `price`, `class`) VALUES (880, '8r', '4063.57', 2);
INSERT INTO seat (`id`, `location`, `price`, `class`) VALUES (881, '1k', '2001.87', 2);
INSERT INTO seat (`id`, `location`, `price`, `class`) VALUES (882, '1m', '1136.89', 2);
INSERT INTO seat (`id`, `location`, `price`, `class`) VALUES (883, '4b', '2752.42', 2);
INSERT INTO seat (`id`, `location`, `price`, `class`) VALUES (884, '0w', '3699.71', 2);
INSERT INTO seat (`id`, `location`, `price`, `class`) VALUES (885, '2g', '2944.51', 2);
INSERT INTO seat (`id`, `location`, `price`, `class`) VALUES (886, '8d', '328.69', 2);
INSERT INTO seat (`id`, `location`, `price`, `class`) VALUES (887, '4f', '4205.96', 2);
INSERT INTO seat (`id`, `location`, `price`, `class`) VALUES (888, '8f', '4236.96', 2);
INSERT INTO seat (`id`, `location`, `price`, `class`) VALUES (889, '7w', '888.15', 2);
INSERT INTO seat (`id`, `location`, `price`, `class`) VALUES (890, '2p', '3218.14', 2);
INSERT INTO seat (`id`, `location`, `price`, `class`) VALUES (891, '5b', '3397.3', 2);
INSERT INTO seat (`id`, `location`, `price`, `class`) VALUES (892, '8d', '4074.7', 2);
INSERT INTO seat (`id`, `location`, `price`, `class`) VALUES (893, '6e', '4388.3', 2);
INSERT INTO seat (`id`, `location`, `price`, `class`) VALUES (894, '2d', '4924.95', 2);
INSERT INTO seat (`id`, `location`, `price`, `class`) VALUES (895, '4g', '4442.68', 2);
INSERT INTO seat (`id`, `location`, `price`, `class`) VALUES (896, '3u', '4516.7', 2);
INSERT INTO seat (`id`, `location`, `price`, `class`) VALUES (897, '3u', '3415.96', 2);
INSERT INTO seat (`id`, `location`, `price`, `class`) VALUES (898, '0a', '1310.55', 2);
INSERT INTO seat (`id`, `location`, `price`, `class`) VALUES (899, '5e', '1454.24', 2);
INSERT INTO seat (`id`, `location`, `price`, `class`) VALUES (900, '0j', '2834.84', 2);
INSERT INTO seat (`id`, `location`, `price`, `class`) VALUES (901, '9e', '2480.26', 2);
INSERT INTO seat (`id`, `location`, `price`, `class`) VALUES (902, '5c', '3143.36', 2);
INSERT INTO seat (`id`, `location`, `price`, `class`) VALUES (903, '1y', '3227.65', 2);
INSERT INTO seat (`id`, `location`, `price`, `class`) VALUES (904, '3z', '823.21', 2);
INSERT INTO seat (`id`, `location`, `price`, `class`) VALUES (905, '0t', '2541.3', 2);
INSERT INTO seat (`id`, `location`, `price`, `class`) VALUES (906, '7a', '4105.22', 2);
INSERT INTO seat (`id`, `location`, `price`, `class`) VALUES (907, '9k', '4628.03', 2);
INSERT INTO seat (`id`, `location`, `price`, `class`) VALUES (908, '3i', '971.85', 2);
INSERT INTO seat (`id`, `location`, `price`, `class`) VALUES (909, '6j', '2785.77', 2);
INSERT INTO seat (`id`, `location`, `price`, `class`) VALUES (910, '5f', '1524.13', 2);
INSERT INTO seat (`id`, `location`, `price`, `class`) VALUES (911, '7z', '2456.79', 2);
INSERT INTO seat (`id`, `location`, `price`, `class`) VALUES (912, '1a', '2365.21', 2);
INSERT INTO seat (`id`, `location`, `price`, `class`) VALUES (913, '2n', '2377', 2);
INSERT INTO seat (`id`, `location`, `price`, `class`) VALUES (914, '5k', '169.55', 2);
INSERT INTO seat (`id`, `location`, `price`, `class`) VALUES (915, '2l', '3345.03', 2);
INSERT INTO seat (`id`, `location`, `price`, `class`) VALUES (916, '5m', '4966.23', 2);
INSERT INTO seat (`id`, `location`, `price`, `class`) VALUES (917, '5z', '3704.78', 2);
INSERT INTO seat (`id`, `location`, `price`, `class`) VALUES (918, '8d', '1843.43', 2);
INSERT INTO seat (`id`, `location`, `price`, `class`) VALUES (919, '6e', '3396.38', 2);
INSERT INTO seat (`id`, `location`, `price`, `class`) VALUES (920, '5l', '2487.4', 2);
INSERT INTO seat (`id`, `location`, `price`, `class`) VALUES (921, '5n', '3587.16', 2);
INSERT INTO seat (`id`, `location`, `price`, `class`) VALUES (922, '1s', '4757.22', 2);
INSERT INTO seat (`id`, `location`, `price`, `class`) VALUES (923, '6j', '4469.84', 2);
INSERT INTO seat (`id`, `location`, `price`, `class`) VALUES (924, '4z', '831.37', 2);
INSERT INTO seat (`id`, `location`, `price`, `class`) VALUES (925, '8p', '3428.06', 2);
INSERT INTO seat (`id`, `location`, `price`, `class`) VALUES (926, '6x', '3737.03', 2);
INSERT INTO seat (`id`, `location`, `price`, `class`) VALUES (927, '5g', '1584.29', 2);
INSERT INTO seat (`id`, `location`, `price`, `class`) VALUES (928, '4l', '977.04', 2);
INSERT INTO seat (`id`, `location`, `price`, `class`) VALUES (929, '6n', '4754.14', 2);
INSERT INTO seat (`id`, `location`, `price`, `class`) VALUES (930, '6i', '914.04', 2);
INSERT INTO seat (`id`, `location`, `price`, `class`) VALUES (931, '8d', '1422.54', 2);
INSERT INTO seat (`id`, `location`, `price`, `class`) VALUES (932, '1f', '1202.3', 2);
INSERT INTO seat (`id`, `location`, `price`, `class`) VALUES (933, '4c', '1403.08', 2);
INSERT INTO seat (`id`, `location`, `price`, `class`) VALUES (934, '0t', '1550.41', 2);
INSERT INTO seat (`id`, `location`, `price`, `class`) VALUES (935, '4r', '1983.08', 2);
INSERT INTO seat (`id`, `location`, `price`, `class`) VALUES (936, '2c', '4431.07', 2);
INSERT INTO seat (`id`, `location`, `price`, `class`) VALUES (937, '7v', '2555.1', 2);
INSERT INTO seat (`id`, `location`, `price`, `class`) VALUES (938, '4s', '3716.08', 2);
INSERT INTO seat (`id`, `location`, `price`, `class`) VALUES (939, '0k', '4097.67', 2);
INSERT INTO seat (`id`, `location`, `price`, `class`) VALUES (940, '2h', '211.49', 2);
INSERT INTO seat (`id`, `location`, `price`, `class`) VALUES (941, '8o', '1192.51', 2);
INSERT INTO seat (`id`, `location`, `price`, `class`) VALUES (942, '6a', '4657.64', 2);
INSERT INTO seat (`id`, `location`, `price`, `class`) VALUES (943, '7g', '136.27', 2);
INSERT INTO seat (`id`, `location`, `price`, `class`) VALUES (944, '5q', '4401.72', 2);
INSERT INTO seat (`id`, `location`, `price`, `class`) VALUES (945, '7g', '3260.37', 2);
INSERT INTO seat (`id`, `location`, `price`, `class`) VALUES (946, '7r', '2588.34', 2);
INSERT INTO seat (`id`, `location`, `price`, `class`) VALUES (947, '8x', '2844.18', 2);
INSERT INTO seat (`id`, `location`, `price`, `class`) VALUES (948, '7j', '4332.82', 2);
INSERT INTO seat (`id`, `location`, `price`, `class`) VALUES (949, '8r', '4129.73', 2);
INSERT INTO seat (`id`, `location`, `price`, `class`) VALUES (950, '4h', '1518.24', 2);
INSERT INTO seat (`id`, `location`, `price`, `class`) VALUES (951, '5q', '171.67', 2);
INSERT INTO seat (`id`, `location`, `price`, `class`) VALUES (952, '3g', '221.89', 2);
INSERT INTO seat (`id`, `location`, `price`, `class`) VALUES (953, '8p', '4861.89', 2);
INSERT INTO seat (`id`, `location`, `price`, `class`) VALUES (954, '3n', '1699.49', 2);
INSERT INTO seat (`id`, `location`, `price`, `class`) VALUES (955, '1b', '3323.95', 2);
INSERT INTO seat (`id`, `location`, `price`, `class`) VALUES (956, '5o', '4313.02', 2);
INSERT INTO seat (`id`, `location`, `price`, `class`) VALUES (957, '2d', '3271.43', 2);
INSERT INTO seat (`id`, `location`, `price`, `class`) VALUES (958, '3n', '2308', 2);
INSERT INTO seat (`id`, `location`, `price`, `class`) VALUES (959, '8w', '2662.63', 2);
INSERT INTO seat (`id`, `location`, `price`, `class`) VALUES (960, '8j', '3158.99', 2);
INSERT INTO seat (`id`, `location`, `price`, `class`) VALUES (961, '2k', '4670.6', 2);
INSERT INTO seat (`id`, `location`, `price`, `class`) VALUES (962, '2u', '4228.46', 2);
INSERT INTO seat (`id`, `location`, `price`, `class`) VALUES (963, '9f', '1475.95', 2);
INSERT INTO seat (`id`, `location`, `price`, `class`) VALUES (964, '6x', '3293.24', 2);
INSERT INTO seat (`id`, `location`, `price`, `class`) VALUES (965, '2z', '2838.15', 2);
INSERT INTO seat (`id`, `location`, `price`, `class`) VALUES (966, '4y', '1953.61', 2);
INSERT INTO seat (`id`, `location`, `price`, `class`) VALUES (967, '3z', '4330.59', 2);
INSERT INTO seat (`id`, `location`, `price`, `class`) VALUES (968, '9l', '265.54', 2);
INSERT INTO seat (`id`, `location`, `price`, `class`) VALUES (969, '6n', '2648.82', 2);
INSERT INTO seat (`id`, `location`, `price`, `class`) VALUES (970, '7r', '2729.44', 2);
INSERT INTO seat (`id`, `location`, `price`, `class`) VALUES (971, '8t', '4416.62', 2);
INSERT INTO seat (`id`, `location`, `price`, `class`) VALUES (972, '1w', '1591.9', 2);
INSERT INTO seat (`id`, `location`, `price`, `class`) VALUES (973, '2n', '3989.33', 2);
INSERT INTO seat (`id`, `location`, `price`, `class`) VALUES (974, '6y', '3563.24', 2);
INSERT INTO seat (`id`, `location`, `price`, `class`) VALUES (975, '5c', '2434.99', 2);
INSERT INTO seat (`id`, `location`, `price`, `class`) VALUES (976, '4i', '385.32', 2);
INSERT INTO seat (`id`, `location`, `price`, `class`) VALUES (977, '7t', '3258.29', 2);
INSERT INTO seat (`id`, `location`, `price`, `class`) VALUES (978, '8w', '1466.88', 2);
INSERT INTO seat (`id`, `location`, `price`, `class`) VALUES (979, '2b', '1481.92', 2);
INSERT INTO seat (`id`, `location`, `price`, `class`) VALUES (980, '1g', '66.24', 2);
INSERT INTO seat (`id`, `location`, `price`, `class`) VALUES (981, '5c', '4622.46', 2);
INSERT INTO seat (`id`, `location`, `price`, `class`) VALUES (982, '9n', '911.44', 2);
INSERT INTO seat (`id`, `location`, `price`, `class`) VALUES (983, '1d', '2870.39', 2);
INSERT INTO seat (`id`, `location`, `price`, `class`) VALUES (984, '0w', '385', 2);
INSERT INTO seat (`id`, `location`, `price`, `class`) VALUES (985, '6y', '1863.45', 2);
INSERT INTO seat (`id`, `location`, `price`, `class`) VALUES (986, '6c', '3637.68', 2);
INSERT INTO seat (`id`, `location`, `price`, `class`) VALUES (987, '6i', '2395.25', 2);
INSERT INTO seat (`id`, `location`, `price`, `class`) VALUES (988, '9p', '2182.22', 2);
INSERT INTO seat (`id`, `location`, `price`, `class`) VALUES (989, '8u', '4029.35', 2);
INSERT INTO seat (`id`, `location`, `price`, `class`) VALUES (990, '0g', '713.1', 2);
INSERT INTO seat (`id`, `location`, `price`, `class`) VALUES (991, '9x', '2521.47', 2);
INSERT INTO seat (`id`, `location`, `price`, `class`) VALUES (992, '5m', '1870.35', 2);
INSERT INTO seat (`id`, `location`, `price`, `class`) VALUES (993, '5l', '1336.87', 2);
INSERT INTO seat (`id`, `location`, `price`, `class`) VALUES (994, '8n', '2109.55', 2);
INSERT INTO seat (`id`, `location`, `price`, `class`) VALUES (995, '7d', '1252.33', 2);
INSERT INTO seat (`id`, `location`, `price`, `class`) VALUES (996, '6e', '230.64', 2);
INSERT INTO seat (`id`, `location`, `price`, `class`) VALUES (997, '5q', '2796.22', 2);
INSERT INTO seat (`id`, `location`, `price`, `class`) VALUES (998, '3h', '3067.76', 2);
INSERT INTO seat (`id`, `location`, `price`, `class`) VALUES (999, '6z', '2009.16', 2);
INSERT INTO seat (`id`, `location`, `price`, `class`) VALUES (1000, '0a', '3699.22', 2);
INSERT INTO seat (`id`, `location`, `price`, `class`) VALUES (1001, '8s', '862.98', 2);
INSERT INTO seat (`id`, `location`, `price`, `class`) VALUES (1002, '0i', '347.91', 2);
INSERT INTO seat (`id`, `location`, `price`, `class`) VALUES (1003, '3e', '4162.33', 2);
INSERT INTO seat (`id`, `location`, `price`, `class`) VALUES (1004, '2v', '1762.66', 2);
INSERT INTO seat (`id`, `location`, `price`, `class`) VALUES (1005, '1f', '790.61', 2);
INSERT INTO seat (`id`, `location`, `price`, `class`) VALUES (1006, '4b', '4067.18', 2);
INSERT INTO seat (`id`, `location`, `price`, `class`) VALUES (1007, '1v', '1916.32', 2);
INSERT INTO seat (`id`, `location`, `price`, `class`) VALUES (1008, '6h', '3804.94', 2);
INSERT INTO seat (`id`, `location`, `price`, `class`) VALUES (1009, '0v', '4111.16', 2);
INSERT INTO seat (`id`, `location`, `price`, `class`) VALUES (1010, '9p', '3017.6', 2);
INSERT INTO seat (`id`, `location`, `price`, `class`) VALUES (1011, '3s', '399.59', 2);
INSERT INTO seat (`id`, `location`, `price`, `class`) VALUES (1012, '6a', '167.05', 2);
INSERT INTO seat (`id`, `location`, `price`, `class`) VALUES (1013, '8v', '2004.09', 2);
INSERT INTO seat (`id`, `location`, `price`, `class`) VALUES (1014, '7u', '880.89', 2);
INSERT INTO seat (`id`, `location`, `price`, `class`) VALUES (1015, '9k', '3612.82', 2);
INSERT INTO seat (`id`, `location`, `price`, `class`) VALUES (1016, '6k', '3486.02', 2);
INSERT INTO seat (`id`, `location`, `price`, `class`) VALUES (1017, '9z', '312.12', 2);
INSERT INTO seat (`id`, `location`, `price`, `class`) VALUES (1018, '1p', '2274.81', 2);
INSERT INTO seat (`id`, `location`, `price`, `class`) VALUES (1019, '7o', '2278.46', 2);
INSERT INTO seat (`id`, `location`, `price`, `class`) VALUES (1020, '4z', '3033.78', 2);
INSERT INTO seat (`id`, `location`, `price`, `class`) VALUES (1021, '5i', '890.77', 2);
INSERT INTO seat (`id`, `location`, `price`, `class`) VALUES (1022, '0t', '336.4', 2);
INSERT INTO seat (`id`, `location`, `price`, `class`) VALUES (1023, '0j', '4983.61', 2);
INSERT INTO seat (`id`, `location`, `price`, `class`) VALUES (1024, '9b', '3606.78', 2);
INSERT INTO seat (`id`, `location`, `price`, `class`) VALUES (1025, '1s', '587.4', 2);
INSERT INTO seat (`id`, `location`, `price`, `class`) VALUES (1026, '4o', '2865.74', 2);
INSERT INTO seat (`id`, `location`, `price`, `class`) VALUES (1027, '0k', '1468.23', 2);
INSERT INTO seat (`id`, `location`, `price`, `class`) VALUES (1028, '8p', '369.68', 2);
INSERT INTO seat (`id`, `location`, `price`, `class`) VALUES (1029, '2g', '4312.76', 2);
INSERT INTO seat (`id`, `location`, `price`, `class`) VALUES (1030, '5k', '1747.01', 2);
INSERT INTO seat (`id`, `location`, `price`, `class`) VALUES (1031, '8i', '4847.61', 2);
INSERT INTO seat (`id`, `location`, `price`, `class`) VALUES (1032, '1b', '4131.91', 2);
INSERT INTO seat (`id`, `location`, `price`, `class`) VALUES (1033, '1s', '4595.87', 2);
INSERT INTO seat (`id`, `location`, `price`, `class`) VALUES (1034, '3g', '2491.01', 2);
INSERT INTO seat (`id`, `location`, `price`, `class`) VALUES (1035, '4r', '1608.34', 2);
INSERT INTO seat (`id`, `location`, `price`, `class`) VALUES (1036, '1d', '1377.93', 2);
INSERT INTO seat (`id`, `location`, `price`, `class`) VALUES (1037, '9x', '1462.55', 2);
INSERT INTO seat (`id`, `location`, `price`, `class`) VALUES (1038, '4t', '572.18', 2);
INSERT INTO seat (`id`, `location`, `price`, `class`) VALUES (1039, '6f', '2843.87', 2);
INSERT INTO seat (`id`, `location`, `price`, `class`) VALUES (1040, '0f', '1236.27', 2);
INSERT INTO seat (`id`, `location`, `price`, `class`) VALUES (1041, '5h', '136.6', 2);
INSERT INTO seat (`id`, `location`, `price`, `class`) VALUES (1042, '1s', '3553.71', 2);
INSERT INTO seat (`id`, `location`, `price`, `class`) VALUES (1043, '0z', '341.97', 2);
INSERT INTO seat (`id`, `location`, `price`, `class`) VALUES (1044, '9w', '4963.24', 2);
INSERT INTO seat (`id`, `location`, `price`, `class`) VALUES (1045, '2j', '785.72', 2);
INSERT INTO seat (`id`, `location`, `price`, `class`) VALUES (1046, '3e', '3742.79', 2);
INSERT INTO seat (`id`, `location`, `price`, `class`) VALUES (1047, '9b', '1702.53', 2);
INSERT INTO seat (`id`, `location`, `price`, `class`) VALUES (1048, '3i', '1043.93', 2);
INSERT INTO seat (`id`, `location`, `price`, `class`) VALUES (1049, '1l', '1061.33', 2);
INSERT INTO seat (`id`, `location`, `price`, `class`) VALUES (1050, '6f', '4768.8', 2);
INSERT INTO seat (`id`, `location`, `price`, `class`) VALUES (1051, '9w', '380.59', 2);
INSERT INTO seat (`id`, `location`, `price`, `class`) VALUES (1052, '4z', '395.63', 2);
INSERT INTO seat (`id`, `location`, `price`, `class`) VALUES (1053, '1k', '1605.67', 2);
INSERT INTO seat (`id`, `location`, `price`, `class`) VALUES (1054, '8s', '1527.66', 2);
INSERT INTO seat (`id`, `location`, `price`, `class`) VALUES (1055, '7v', '4205.69', 2);
INSERT INTO seat (`id`, `location`, `price`, `class`) VALUES (1056, '1y', '3387.45', 2);
INSERT INTO seat (`id`, `location`, `price`, `class`) VALUES (1057, '9d', '239.53', 2);
INSERT INTO seat (`id`, `location`, `price`, `class`) VALUES (1058, '1s', '3169.6', 2);
INSERT INTO seat (`id`, `location`, `price`, `class`) VALUES (1059, '3a', '1367.36', 2);
INSERT INTO seat (`id`, `location`, `price`, `class`) VALUES (1060, '4x', '838.69', 2);
INSERT INTO seat (`id`, `location`, `price`, `class`) VALUES (1061, '5p', '4885.34', 2);
INSERT INTO seat (`id`, `location`, `price`, `class`) VALUES (1062, '9q', '1299.49', 2);
INSERT INTO seat (`id`, `location`, `price`, `class`) VALUES (1063, '4u', '71.76', 2);
INSERT INTO seat (`id`, `location`, `price`, `class`) VALUES (1064, '3z', '4625.26', 2);
INSERT INTO seat (`id`, `location`, `price`, `class`) VALUES (1065, '6b', '1328.38', 2);
INSERT INTO seat (`id`, `location`, `price`, `class`) VALUES (1066, '3p', '1343.05', 2);
INSERT INTO seat (`id`, `location`, `price`, `class`) VALUES (1067, '2k', '58.5', 2);
INSERT INTO seat (`id`, `location`, `price`, `class`) VALUES (1068, '9y', '763.67', 2);
INSERT INTO seat (`id`, `location`, `price`, `class`) VALUES (1069, '9l', '2613.6', 2);
INSERT INTO seat (`id`, `location`, `price`, `class`) VALUES (1070, '2h', '1547.15', 2);
INSERT INTO seat (`id`, `location`, `price`, `class`) VALUES (1071, '8b', '3940.2', 2);
INSERT INTO seat (`id`, `location`, `price`, `class`) VALUES (1072, '1j', '2465.54', 2);
INSERT INTO seat (`id`, `location`, `price`, `class`) VALUES (1073, '9a', '862.8', 2);
INSERT INTO seat (`id`, `location`, `price`, `class`) VALUES (1074, '1w', '4523.46', 2);
INSERT INTO seat (`id`, `location`, `price`, `class`) VALUES (1075, '3x', '2615.82', 2);
INSERT INTO seat (`id`, `location`, `price`, `class`) VALUES (1076, '8l', '2685.28', 2);
INSERT INTO seat (`id`, `location`, `price`, `class`) VALUES (1077, '1c', '1056.38', 2);
INSERT INTO seat (`id`, `location`, `price`, `class`) VALUES (1078, '8l', '1256.2', 2);
INSERT INTO seat (`id`, `location`, `price`, `class`) VALUES (1079, '1w', '1952.89', 2);
INSERT INTO seat (`id`, `location`, `price`, `class`) VALUES (1080, '9o', '4728.1', 2);
INSERT INTO seat (`id`, `location`, `price`, `class`) VALUES (1081, '9x', '2153.62', 2);
INSERT INTO seat (`id`, `location`, `price`, `class`) VALUES (1082, '9j', '993.11', 2);
INSERT INTO seat (`id`, `location`, `price`, `class`) VALUES (1083, '0e', '3423.78', 2);
INSERT INTO seat (`id`, `location`, `price`, `class`) VALUES (1084, '9r', '173.7', 2);
INSERT INTO seat (`id`, `location`, `price`, `class`) VALUES (1085, '0l', '560.94', 2);
INSERT INTO seat (`id`, `location`, `price`, `class`) VALUES (1086, '7o', '1038.76', 2);
INSERT INTO seat (`id`, `location`, `price`, `class`) VALUES (1087, '8j', '3708.36', 2);
INSERT INTO seat (`id`, `location`, `price`, `class`) VALUES (1088, '6p', '4830.04', 2);
INSERT INTO seat (`id`, `location`, `price`, `class`) VALUES (1089, '5j', '1264.05', 2);
INSERT INTO seat (`id`, `location`, `price`, `class`) VALUES (1090, '8h', '3937.33', 2);
INSERT INTO seat (`id`, `location`, `price`, `class`) VALUES (1091, '7d', '1918.03', 2);
INSERT INTO seat (`id`, `location`, `price`, `class`) VALUES (1092, '4d', '3383.46', 2);
INSERT INTO seat (`id`, `location`, `price`, `class`) VALUES (1093, '3c', '1652.72', 2);
INSERT INTO seat (`id`, `location`, `price`, `class`) VALUES (1094, '0e', '194.85', 2);
INSERT INTO seat (`id`, `location`, `price`, `class`) VALUES (1095, '0r', '3275.36', 2);
INSERT INTO seat (`id`, `location`, `price`, `class`) VALUES (1096, '5g', '3049.98', 2);
INSERT INTO seat (`id`, `location`, `price`, `class`) VALUES (1097, '5v', '760.78', 2);
INSERT INTO seat (`id`, `location`, `price`, `class`) VALUES (1098, '7c', '4893.92', 2);
INSERT INTO seat (`id`, `location`, `price`, `class`) VALUES (1099, '1b', '1954.43', 2);
INSERT INTO seat (`id`, `location`, `price`, `class`) VALUES (1100, '4l', '4478.89', 2);
INSERT INTO seat (`id`, `location`, `price`, `class`) VALUES (1101, '7d', '4050.86', 2);
INSERT INTO seat (`id`, `location`, `price`, `class`) VALUES (1102, '6p', '394.16', 2);
INSERT INTO seat (`id`, `location`, `price`, `class`) VALUES (1103, '9h', '4944.47', 2);
INSERT INTO seat (`id`, `location`, `price`, `class`) VALUES (1104, '4q', '2945.29', 2);
INSERT INTO seat (`id`, `location`, `price`, `class`) VALUES (1105, '3i', '773.94', 2);
INSERT INTO seat (`id`, `location`, `price`, `class`) VALUES (1106, '9p', '2304.94', 2);
INSERT INTO seat (`id`, `location`, `price`, `class`) VALUES (1107, '7q', '3918.24', 2);
INSERT INTO seat (`id`, `location`, `price`, `class`) VALUES (1108, '3b', '2042.48', 2);
INSERT INTO seat (`id`, `location`, `price`, `class`) VALUES (1109, '0r', '3909.56', 2);
INSERT INTO seat (`id`, `location`, `price`, `class`) VALUES (1110, '9k', '1738.23', 2);
INSERT INTO seat (`id`, `location`, `price`, `class`) VALUES (1111, '8i', '2003.56', 2);
INSERT INTO seat (`id`, `location`, `price`, `class`) VALUES (1112, '7p', '4633.91', 2);
INSERT INTO seat (`id`, `location`, `price`, `class`) VALUES (1113, '1c', '2359.91', 2);
INSERT INTO seat (`id`, `location`, `price`, `class`) VALUES (1114, '0t', '3858.76', 2);
INSERT INTO seat (`id`, `location`, `price`, `class`) VALUES (1115, '5m', '2723.05', 2);
INSERT INTO seat (`id`, `location`, `price`, `class`) VALUES (1116, '7g', '485.44', 2);
INSERT INTO seat (`id`, `location`, `price`, `class`) VALUES (1117, '6e', '3151.86', 2);
INSERT INTO seat (`id`, `location`, `price`, `class`) VALUES (1118, '3l', '2139.21', 2);
INSERT INTO seat (`id`, `location`, `price`, `class`) VALUES (1119, '4t', '3932.68', 2);
INSERT INTO seat (`id`, `location`, `price`, `class`) VALUES (1120, '1v', '1984.16', 2);
INSERT INTO seat (`id`, `location`, `price`, `class`) VALUES (1121, '1h', '2242.57', 2);
INSERT INTO seat (`id`, `location`, `price`, `class`) VALUES (1122, '3l', '2182.1', 2);
INSERT INTO seat (`id`, `location`, `price`, `class`) VALUES (1123, '0s', '1830.04', 2);
INSERT INTO seat (`id`, `location`, `price`, `class`) VALUES (1124, '0t', '2807.37', 2);
INSERT INTO seat (`id`, `location`, `price`, `class`) VALUES (1125, '1g', '4058.88', 2);
INSERT INTO seat (`id`, `location`, `price`, `class`) VALUES (1126, '2q', '2525.18', 2);
INSERT INTO seat (`id`, `location`, `price`, `class`) VALUES (1127, '6w', '4030.23', 2);
INSERT INTO seat (`id`, `location`, `price`, `class`) VALUES (1128, '5s', '1723.29', 2);
INSERT INTO seat (`id`, `location`, `price`, `class`) VALUES (1129, '0r', '3675.69', 2);
INSERT INTO seat (`id`, `location`, `price`, `class`) VALUES (1130, '6p', '4680.29', 2);
INSERT INTO seat (`id`, `location`, `price`, `class`) VALUES (1131, '7d', '4221.47', 2);
INSERT INTO seat (`id`, `location`, `price`, `class`) VALUES (1132, '7c', '2349.13', 2);
INSERT INTO seat (`id`, `location`, `price`, `class`) VALUES (1133, '4u', '3194.07', 2);
INSERT INTO seat (`id`, `location`, `price`, `class`) VALUES (1134, '7q', '2523.21', 2);
INSERT INTO seat (`id`, `location`, `price`, `class`) VALUES (1135, '0k', '3821.57', 2);
INSERT INTO seat (`id`, `location`, `price`, `class`) VALUES (1136, '5b', '3568', 2);
INSERT INTO seat (`id`, `location`, `price`, `class`) VALUES (1137, '1f', '3658.55', 2);
INSERT INTO seat (`id`, `location`, `price`, `class`) VALUES (1138, '0n', '70.1', 2);
INSERT INTO seat (`id`, `location`, `price`, `class`) VALUES (1139, '2g', '1014.29', 2);
INSERT INTO seat (`id`, `location`, `price`, `class`) VALUES (1140, '2d', '3996.72', 2);
INSERT INTO seat (`id`, `location`, `price`, `class`) VALUES (1141, '6l', '2343.35', 2);
INSERT INTO seat (`id`, `location`, `price`, `class`) VALUES (1142, '0i', '478.8', 2);
INSERT INTO seat (`id`, `location`, `price`, `class`) VALUES (1143, '9h', '4040.15', 2);
INSERT INTO seat (`id`, `location`, `price`, `class`) VALUES (1144, '4x', '4908.14', 2);
INSERT INTO seat (`id`, `location`, `price`, `class`) VALUES (1145, '2k', '4831.35', 2);
INSERT INTO seat (`id`, `location`, `price`, `class`) VALUES (1146, '7f', '526.68', 2);
INSERT INTO seat (`id`, `location`, `price`, `class`) VALUES (1147, '2j', '3439.02', 2);
INSERT INTO seat (`id`, `location`, `price`, `class`) VALUES (1148, '7x', '520.56', 2);
INSERT INTO seat (`id`, `location`, `price`, `class`) VALUES (1149, '0p', '965.28', 2);
INSERT INTO seat (`id`, `location`, `price`, `class`) VALUES (1150, '6m', '1841.36', 2);
INSERT INTO seat (`id`, `location`, `price`, `class`) VALUES (1151, '5z', '4768.53', 2);
INSERT INTO seat (`id`, `location`, `price`, `class`) VALUES (1152, '3e', '1455.51', 2);
INSERT INTO seat (`id`, `location`, `price`, `class`) VALUES (1153, '3u', '2787.3', 2);
INSERT INTO seat (`id`, `location`, `price`, `class`) VALUES (1154, '7u', '2117.25', 2);
INSERT INTO seat (`id`, `location`, `price`, `class`) VALUES (1155, '7o', '3239.55', 2);
INSERT INTO seat (`id`, `location`, `price`, `class`) VALUES (1156, '4p', '1891.44', 2);
INSERT INTO seat (`id`, `location`, `price`, `class`) VALUES (1157, '6e', '2416.54', 2);
INSERT INTO seat (`id`, `location`, `price`, `class`) VALUES (1158, '6l', '3990.37', 2);
INSERT INTO seat (`id`, `location`, `price`, `class`) VALUES (1159, '1f', '2310.8', 2);
INSERT INTO seat (`id`, `location`, `price`, `class`) VALUES (1160, '9b', '4886.05', 2);
INSERT INTO seat (`id`, `location`, `price`, `class`) VALUES (1161, '3z', '1453.62', 2);
INSERT INTO seat (`id`, `location`, `price`, `class`) VALUES (1162, '7b', '921.04', 2);
INSERT INTO seat (`id`, `location`, `price`, `class`) VALUES (1163, '7c', '787.04', 2);
INSERT INTO seat (`id`, `location`, `price`, `class`) VALUES (1164, '4k', '1803.6', 2);
INSERT INTO seat (`id`, `location`, `price`, `class`) VALUES (1165, '1h', '884.01', 2);
INSERT INTO seat (`id`, `location`, `price`, `class`) VALUES (1166, '8r', '2749.68', 2);
INSERT INTO seat (`id`, `location`, `price`, `class`) VALUES (1167, '3n', '1896.43', 2);
INSERT INTO seat (`id`, `location`, `price`, `class`) VALUES (1168, '4m', '2874.6', 2);
INSERT INTO seat (`id`, `location`, `price`, `class`) VALUES (1169, '6u', '2098.21', 2);
INSERT INTO seat (`id`, `location`, `price`, `class`) VALUES (1170, '4o', '1432.81', 2);
INSERT INTO seat (`id`, `location`, `price`, `class`) VALUES (1171, '3y', '1048.09', 2);
INSERT INTO seat (`id`, `location`, `price`, `class`) VALUES (1172, '7i', '1777.18', 2);
INSERT INTO seat (`id`, `location`, `price`, `class`) VALUES (1173, '6x', '2453.99', 2);
INSERT INTO seat (`id`, `location`, `price`, `class`) VALUES (1174, '8d', '1809.49', 2);
INSERT INTO seat (`id`, `location`, `price`, `class`) VALUES (1175, '0a', '4573.95', 2);
INSERT INTO seat (`id`, `location`, `price`, `class`) VALUES (1176, '8n', '2617.5', 2);
INSERT INTO seat (`id`, `location`, `price`, `class`) VALUES (1177, '0z', '3555.47', 2);
INSERT INTO seat (`id`, `location`, `price`, `class`) VALUES (1178, '3n', '3876.01', 2);
INSERT INTO seat (`id`, `location`, `price`, `class`) VALUES (1179, '1u', '2678.63', 2);
INSERT INTO seat (`id`, `location`, `price`, `class`) VALUES (1180, '4k', '2153.78', 2);
INSERT INTO seat (`id`, `location`, `price`, `class`) VALUES (1181, '5u', '2283.52', 2);
INSERT INTO seat (`id`, `location`, `price`, `class`) VALUES (1182, '7q', '1699.31', 2);
INSERT INTO seat (`id`, `location`, `price`, `class`) VALUES (1183, '9w', '541.06', 2);
INSERT INTO seat (`id`, `location`, `price`, `class`) VALUES (1184, '8p', '2361.38', 2);
INSERT INTO seat (`id`, `location`, `price`, `class`) VALUES (1185, '7i', '2421.52', 2);
INSERT INTO seat (`id`, `location`, `price`, `class`) VALUES (1186, '8p', '2155.67', 2);
INSERT INTO seat (`id`, `location`, `price`, `class`) VALUES (1187, '8u', '2267.01', 2);
INSERT INTO seat (`id`, `location`, `price`, `class`) VALUES (1188, '6w', '3480.64', 2);
INSERT INTO seat (`id`, `location`, `price`, `class`) VALUES (1189, '4u', '3982.82', 2);
INSERT INTO seat (`id`, `location`, `price`, `class`) VALUES (1190, '1x', '3794.08', 2);
INSERT INTO seat (`id`, `location`, `price`, `class`) VALUES (1191, '5z', '3580.67', 2);
INSERT INTO seat (`id`, `location`, `price`, `class`) VALUES (1192, '6q', '1937.76', 2);
INSERT INTO seat (`id`, `location`, `price`, `class`) VALUES (1193, '7n', '1329.8', 2);
INSERT INTO seat (`id`, `location`, `price`, `class`) VALUES (1194, '2u', '3421.84', 2);
INSERT INTO seat (`id`, `location`, `price`, `class`) VALUES (1195, '3a', '3472.62', 2);
INSERT INTO seat (`id`, `location`, `price`, `class`) VALUES (1196, '0f', '3001.8', 2);
INSERT INTO seat (`id`, `location`, `price`, `class`) VALUES (1197, '6n', '2090.86', 2);
INSERT INTO seat (`id`, `location`, `price`, `class`) VALUES (1198, '1x', '4131.78', 2);
INSERT INTO seat (`id`, `location`, `price`, `class`) VALUES (1199, '7h', '3157.74', 2);
INSERT INTO seat (`id`, `location`, `price`, `class`) VALUES (1200, '6d', '4871.69', 2);
INSERT INTO seat (`id`, `location`, `price`, `class`) VALUES (1201, '9o', '3877.67', 2);
INSERT INTO seat (`id`, `location`, `price`, `class`) VALUES (1202, '4c', '964.64', 2);
INSERT INTO seat (`id`, `location`, `price`, `class`) VALUES (1203, '3u', '1564.22', 2);
INSERT INTO seat (`id`, `location`, `price`, `class`) VALUES (1204, '1e', '2913.54', 2);
INSERT INTO seat (`id`, `location`, `price`, `class`) VALUES (1205, '9w', '1605.88', 2);
INSERT INTO seat (`id`, `location`, `price`, `class`) VALUES (1206, '7m', '3763.51', 2);
INSERT INTO seat (`id`, `location`, `price`, `class`) VALUES (1207, '9z', '3424.63', 2);
INSERT INTO seat (`id`, `location`, `price`, `class`) VALUES (1208, '4a', '642.45', 2);
INSERT INTO seat (`id`, `location`, `price`, `class`) VALUES (1209, '5u', '4717.13', 2);
INSERT INTO seat (`id`, `location`, `price`, `class`) VALUES (1210, '9j', '1527.6', 2);
INSERT INTO seat (`id`, `location`, `price`, `class`) VALUES (1211, '3x', '1031.75', 2);
INSERT INTO seat (`id`, `location`, `price`, `class`) VALUES (1212, '2o', '4433.9', 2);
INSERT INTO seat (`id`, `location`, `price`, `class`) VALUES (1213, '4t', '2945.91', 2);
INSERT INTO seat (`id`, `location`, `price`, `class`) VALUES (1214, '7z', '581.14', 2);
INSERT INTO seat (`id`, `location`, `price`, `class`) VALUES (1215, '3w', '2038.33', 2);
INSERT INTO seat (`id`, `location`, `price`, `class`) VALUES (1216, '1q', '1133.08', 2);
INSERT INTO seat (`id`, `location`, `price`, `class`) VALUES (1217, '4m', '2165.79', 2);
INSERT INTO seat (`id`, `location`, `price`, `class`) VALUES (1218, '7t', '4676.89', 2);
INSERT INTO seat (`id`, `location`, `price`, `class`) VALUES (1219, '1r', '314.39', 2);
INSERT INTO seat (`id`, `location`, `price`, `class`) VALUES (1220, '2l', '2747.64', 2);
INSERT INTO seat (`id`, `location`, `price`, `class`) VALUES (1221, '3f', '406', 2);
INSERT INTO seat (`id`, `location`, `price`, `class`) VALUES (1222, '5r', '2350.37', 2);
INSERT INTO seat (`id`, `location`, `price`, `class`) VALUES (1223, '6u', '2108.02', 2);
INSERT INTO seat (`id`, `location`, `price`, `class`) VALUES (1224, '2k', '4877.05', 2);
INSERT INTO seat (`id`, `location`, `price`, `class`) VALUES (1225, '9v', '3846.9', 2);
INSERT INTO seat (`id`, `location`, `price`, `class`) VALUES (1226, '7c', '2914.92', 2);
INSERT INTO seat (`id`, `location`, `price`, `class`) VALUES (1227, '3a', '3493.34', 2);
INSERT INTO seat (`id`, `location`, `price`, `class`) VALUES (1228, '9j', '3554.84', 2);
INSERT INTO seat (`id`, `location`, `price`, `class`) VALUES (1229, '9u', '1716.23', 2);
INSERT INTO seat (`id`, `location`, `price`, `class`) VALUES (1230, '9r', '2864.86', 2);
INSERT INTO seat (`id`, `location`, `price`, `class`) VALUES (1231, '5n', '2121.89', 2);
INSERT INTO seat (`id`, `location`, `price`, `class`) VALUES (1232, '7x', '300', 2);
INSERT INTO seat (`id`, `location`, `price`, `class`) VALUES (1233, '4a', '1767.56', 2);
INSERT INTO seat (`id`, `location`, `price`, `class`) VALUES (1234, '5b', '3760.82', 2);
INSERT INTO seat (`id`, `location`, `price`, `class`) VALUES (1235, '0b', '2002.87', 2);
INSERT INTO seat (`id`, `location`, `price`, `class`) VALUES (1236, '8q', '2240.5', 2);
INSERT INTO seat (`id`, `location`, `price`, `class`) VALUES (1237, '7x', '2196.86', 2);
INSERT INTO seat (`id`, `location`, `price`, `class`) VALUES (1238, '0g', '4275.49', 2);
INSERT INTO seat (`id`, `location`, `price`, `class`) VALUES (1239, '9l', '2198.42', 2);
INSERT INTO seat (`id`, `location`, `price`, `class`) VALUES (1240, '8n', '4634.98', 2);
INSERT INTO seat (`id`, `location`, `price`, `class`) VALUES (1241, '1e', '154.56', 2);
INSERT INTO seat (`id`, `location`, `price`, `class`) VALUES (1242, '6q', '4722.42', 2);
INSERT INTO seat (`id`, `location`, `price`, `class`) VALUES (1243, '3h', '4644.68', 2);
INSERT INTO seat (`id`, `location`, `price`, `class`) VALUES (1244, '0b', '3670.53', 2);
INSERT INTO seat (`id`, `location`, `price`, `class`) VALUES (1245, '7y', '1225.16', 2);
INSERT INTO seat (`id`, `location`, `price`, `class`) VALUES (1246, '8t', '4969.65', 2);
INSERT INTO seat (`id`, `location`, `price`, `class`) VALUES (1247, '4v', '2899.82', 2);
INSERT INTO seat (`id`, `location`, `price`, `class`) VALUES (1248, '5x', '2824.94', 2);
INSERT INTO seat (`id`, `location`, `price`, `class`) VALUES (1249, '0p', '4039.27', 2);
INSERT INTO seat (`id`, `location`, `price`, `class`) VALUES (1250, '3b', '2557.54', 2);
INSERT INTO seat (`id`, `location`, `price`, `class`) VALUES (1251, '5q', '1861.35', 2);
INSERT INTO seat (`id`, `location`, `price`, `class`) VALUES (1252, '4f', '1803.83', 2);
INSERT INTO seat (`id`, `location`, `price`, `class`) VALUES (1253, '6f', '1536.45', 2);
INSERT INTO seat (`id`, `location`, `price`, `class`) VALUES (1254, '0o', '3084.31', 2);
INSERT INTO seat (`id`, `location`, `price`, `class`) VALUES (1255, '0v', '2683.09', 2);
INSERT INTO seat (`id`, `location`, `price`, `class`) VALUES (1256, '2e', '1652.3', 2);
INSERT INTO seat (`id`, `location`, `price`, `class`) VALUES (1257, '0q', '4469.21', 2);
INSERT INTO seat (`id`, `location`, `price`, `class`) VALUES (1258, '9a', '2663.74', 2);
INSERT INTO seat (`id`, `location`, `price`, `class`) VALUES (1259, '4f', '997.25', 2);
INSERT INTO seat (`id`, `location`, `price`, `class`) VALUES (1260, '4j', '100.98', 2);


#
# TABLE STRUCTURE FOR: passenger
#



INSERT INTO passenger (`id`, `birthDate`, `firstName`, `lastName`, `seat_id`) VALUES (1, '1992-07-05', 'Lenore', 'Aufderhar', 798);
INSERT INTO passenger (`id`, `birthDate`, `firstName`, `lastName`, `seat_id`) VALUES (2, '2016-07-07', 'Philip', 'Watsica', 568);
INSERT INTO passenger (`id`, `birthDate`, `firstName`, `lastName`, `seat_id`) VALUES (3, '1971-11-19', 'Gia', 'Morar', 18);
INSERT INTO passenger (`id`, `birthDate`, `firstName`, `lastName`, `seat_id`) VALUES (4, '2006-01-05', 'Fern', 'Willms', 945);
INSERT INTO passenger (`id`, `birthDate`, `firstName`, `lastName`, `seat_id`) VALUES (5, '1996-03-15', 'Myrna', 'Hayes', 1239);
INSERT INTO passenger (`id`, `birthDate`, `firstName`, `lastName`, `seat_id`) VALUES (6, '1998-08-30', 'Lilian', 'Murray', 1004);
INSERT INTO passenger (`id`, `birthDate`, `firstName`, `lastName`, `seat_id`) VALUES (7, '1972-05-21', 'Cyril', 'Roberts', 1018);
INSERT INTO passenger (`id`, `birthDate`, `firstName`, `lastName`, `seat_id`) VALUES (8, '2005-11-20', 'Rhiannon', 'Hand', 245);
INSERT INTO passenger (`id`, `birthDate`, `firstName`, `lastName`, `seat_id`) VALUES (9, '1993-04-15', 'Declan', 'Bins', 1028);
INSERT INTO passenger (`id`, `birthDate`, `firstName`, `lastName`, `seat_id`) VALUES (10, '1979-09-13', 'Kevin', 'Murazik', 912);
INSERT INTO passenger (`id`, `birthDate`, `firstName`, `lastName`, `seat_id`) VALUES (11, '1998-12-01', 'Lysanne', 'Fisher', 984);
INSERT INTO passenger (`id`, `birthDate`, `firstName`, `lastName`, `seat_id`) VALUES (12, '1981-05-27', 'Doris', 'McCullough', 432);
INSERT INTO passenger (`id`, `birthDate`, `firstName`, `lastName`, `seat_id`) VALUES (13, '2001-01-06', 'Santina', 'Goodwin', 913);
INSERT INTO passenger (`id`, `birthDate`, `firstName`, `lastName`, `seat_id`) VALUES (14, '1972-01-31', 'Lindsay', 'Kilback', 352);
INSERT INTO passenger (`id`, `birthDate`, `firstName`, `lastName`, `seat_id`) VALUES (15, '2004-07-08', 'Jerrold', 'Bashirian', 613);
INSERT INTO passenger (`id`, `birthDate`, `firstName`, `lastName`, `seat_id`) VALUES (16, '1975-03-31', 'Maci', 'Berge', 235);
INSERT INTO passenger (`id`, `birthDate`, `firstName`, `lastName`, `seat_id`) VALUES (17, '1986-05-16', 'Javier', 'Johnson', 157);
INSERT INTO passenger (`id`, `birthDate`, `firstName`, `lastName`, `seat_id`) VALUES (18, '1996-02-07', 'Jalyn', 'Kunde', 932);
INSERT INTO passenger (`id`, `birthDate`, `firstName`, `lastName`, `seat_id`) VALUES (19, '1998-10-30', 'Lessie', 'Kunze', 394);
INSERT INTO passenger (`id`, `birthDate`, `firstName`, `lastName`, `seat_id`) VALUES (20, '1989-05-30', 'Shaina', 'Tillman', 377);
INSERT INTO passenger (`id`, `birthDate`, `firstName`, `lastName`, `seat_id`) VALUES (21, '1975-03-01', 'Tracy', 'Konopelski', 680);
INSERT INTO passenger (`id`, `birthDate`, `firstName`, `lastName`, `seat_id`) VALUES (22, '2011-01-22', 'Catherine', 'Hane', 722);
INSERT INTO passenger (`id`, `birthDate`, `firstName`, `lastName`, `seat_id`) VALUES (23, '2003-04-14', 'Elizabeth', 'Hirthe', 693);
INSERT INTO passenger (`id`, `birthDate`, `firstName`, `lastName`, `seat_id`) VALUES (24, '1972-02-25', 'Hertha', 'Senger', 1200);
INSERT INTO passenger (`id`, `birthDate`, `firstName`, `lastName`, `seat_id`) VALUES (25, '2006-03-13', 'Betsy', 'Medhurst', 153);
INSERT INTO passenger (`id`, `birthDate`, `firstName`, `lastName`, `seat_id`) VALUES (26, '2003-07-15', 'Betty', 'Boob', 853);
INSERT INTO passenger (`id`, `birthDate`, `firstName`, `lastName`, `seat_id`) VALUES (27, '1988-10-28', 'Aileen', 'Casper', 31);
INSERT INTO passenger (`id`, `birthDate`, `firstName`, `lastName`, `seat_id`) VALUES (28, '2016-07-11', 'Chet', 'Bauch', 949);
INSERT INTO passenger (`id`, `birthDate`, `firstName`, `lastName`, `seat_id`) VALUES (29, '2004-05-14', 'Daija', 'Greenholt', 321);
INSERT INTO passenger (`id`, `birthDate`, `firstName`, `lastName`, `seat_id`) VALUES (30, '1993-03-11', 'Christina', 'Auer', 243);
INSERT INTO passenger (`id`, `birthDate`, `firstName`, `lastName`, `seat_id`) VALUES (31, '1988-03-31', 'Frances', 'Dooley', 642);
INSERT INTO passenger (`id`, `birthDate`, `firstName`, `lastName`, `seat_id`) VALUES (32, '2003-11-06', 'Tierra', 'Ward', 1118);
INSERT INTO passenger (`id`, `birthDate`, `firstName`, `lastName`, `seat_id`) VALUES (33, '1992-08-18', 'Marc', 'Breitenberg', 810);
INSERT INTO passenger (`id`, `birthDate`, `firstName`, `lastName`, `seat_id`) VALUES (34, '2001-09-11', 'Madilyn', 'Stiedemann', 659);
INSERT INTO passenger (`id`, `birthDate`, `firstName`, `lastName`, `seat_id`) VALUES (35, '1975-07-30', 'Reece', 'Goodwin', 802);
INSERT INTO passenger (`id`, `birthDate`, `firstName`, `lastName`, `seat_id`) VALUES (36, '1993-05-08', 'Heather', 'Von', 789);
INSERT INTO passenger (`id`, `birthDate`, `firstName`, `lastName`, `seat_id`) VALUES (37, '1997-12-29', 'Noemi', 'Goodwin', 403);
INSERT INTO passenger (`id`, `birthDate`, `firstName`, `lastName`, `seat_id`) VALUES (38, '1977-10-23', 'Winona', 'Bayer', 560);
INSERT INTO passenger (`id`, `birthDate`, `firstName`, `lastName`, `seat_id`) VALUES (39, '1985-04-19', 'River', 'Krajcik', 1033);
INSERT INTO passenger (`id`, `birthDate`, `firstName`, `lastName`, `seat_id`) VALUES (40, '1998-10-04', 'Nora', 'Kuhn', 170);
INSERT INTO passenger (`id`, `birthDate`, `firstName`, `lastName`, `seat_id`) VALUES (41, '1987-07-14', 'Demond', 'Medhurst', 212);
INSERT INTO passenger (`id`, `birthDate`, `firstName`, `lastName`, `seat_id`) VALUES (42, '1974-06-12', 'Doyle', 'Kovacek', 756);
INSERT INTO passenger (`id`, `birthDate`, `firstName`, `lastName`, `seat_id`) VALUES (43, '2014-11-19', 'Holly', 'Lueilwitz', 602);
INSERT INTO passenger (`id`, `birthDate`, `firstName`, `lastName`, `seat_id`) VALUES (44, '1995-04-28', 'Rosalee', 'Mayer', 1124);
INSERT INTO passenger (`id`, `birthDate`, `firstName`, `lastName`, `seat_id`) VALUES (45, '1988-02-21', 'Ashley', 'Hessel', 1107);
INSERT INTO passenger (`id`, `birthDate`, `firstName`, `lastName`, `seat_id`) VALUES (46, '1975-10-21', 'Louvenia', 'Kreiger', 1215);
INSERT INTO passenger (`id`, `birthDate`, `firstName`, `lastName`, `seat_id`) VALUES (47, '1986-06-16', 'Aurelia', 'Prosacco', 99);
INSERT INTO passenger (`id`, `birthDate`, `firstName`, `lastName`, `seat_id`) VALUES (48, '2005-08-26', 'Kirsten', 'Kertzmann', 4);
INSERT INTO passenger (`id`, `birthDate`, `firstName`, `lastName`, `seat_id`) VALUES (49, '1983-06-28', 'Kaleb', 'Keeling', 886);
INSERT INTO passenger (`id`, `birthDate`, `firstName`, `lastName`, `seat_id`) VALUES (50, '1984-09-11', 'Frederik', 'Schoen', 492);
INSERT INTO passenger (`id`, `birthDate`, `firstName`, `lastName`, `seat_id`) VALUES (51, '1976-02-09', 'Naomi', 'Bednar', 381);
INSERT INTO passenger (`id`, `birthDate`, `firstName`, `lastName`, `seat_id`) VALUES (52, '1976-03-14', 'Boris', 'Pfeffer', 305);
INSERT INTO passenger (`id`, `birthDate`, `firstName`, `lastName`, `seat_id`) VALUES (53, '2001-05-25', 'Dina', 'Kovacek', 1214);
INSERT INTO passenger (`id`, `birthDate`, `firstName`, `lastName`, `seat_id`) VALUES (54, '1978-04-25', 'Niko', 'Rohan', 1074);
INSERT INTO passenger (`id`, `birthDate`, `firstName`, `lastName`, `seat_id`) VALUES (55, '1976-09-11', 'Anjali', 'Feil', 245);
INSERT INTO passenger (`id`, `birthDate`, `firstName`, `lastName`, `seat_id`) VALUES (56, '1986-12-10', 'Lisa', 'Graham', 106);
INSERT INTO passenger (`id`, `birthDate`, `firstName`, `lastName`, `seat_id`) VALUES (57, '2016-05-12', 'Samir', 'Padberg', 637);
INSERT INTO passenger (`id`, `birthDate`, `firstName`, `lastName`, `seat_id`) VALUES (58, '2001-10-16', 'Kathlyn', 'Strosin', 276);
INSERT INTO passenger (`id`, `birthDate`, `firstName`, `lastName`, `seat_id`) VALUES (59, '1997-05-25', 'Louisa', 'Ziemann', 1054);
INSERT INTO passenger (`id`, `birthDate`, `firstName`, `lastName`, `seat_id`) VALUES (60, '1977-10-27', 'Cristal', 'Baumbach', 957);
INSERT INTO passenger (`id`, `birthDate`, `firstName`, `lastName`, `seat_id`) VALUES (61, '1977-09-26', 'Ernest', 'Christiansen', 519);
INSERT INTO passenger (`id`, `birthDate`, `firstName`, `lastName`, `seat_id`) VALUES (62, '1997-03-09', 'Pete', 'Ziemann', 436);
INSERT INTO passenger (`id`, `birthDate`, `firstName`, `lastName`, `seat_id`) VALUES (63, '2004-05-16', 'Bertha', 'Fadel', 815);
INSERT INTO passenger (`id`, `birthDate`, `firstName`, `lastName`, `seat_id`) VALUES (64, '1987-12-23', 'Adelle', 'Terry', 68);
INSERT INTO passenger (`id`, `birthDate`, `firstName`, `lastName`, `seat_id`) VALUES (65, '1985-06-29', 'Jerry', 'Greenholt', 1095);
INSERT INTO passenger (`id`, `birthDate`, `firstName`, `lastName`, `seat_id`) VALUES (66, '1979-02-07', 'Noah', 'Wilderman', 357);
INSERT INTO passenger (`id`, `birthDate`, `firstName`, `lastName`, `seat_id`) VALUES (67, '2007-09-15', 'Scotty', 'Brown', 857);
INSERT INTO passenger (`id`, `birthDate`, `firstName`, `lastName`, `seat_id`) VALUES (68, '1981-05-10', 'Jaleel', 'Pfeffer', 237);
INSERT INTO passenger (`id`, `birthDate`, `firstName`, `lastName`, `seat_id`) VALUES (69, '2007-02-20', 'Ariane', 'Stoltenberg', 917);
INSERT INTO passenger (`id`, `birthDate`, `firstName`, `lastName`, `seat_id`) VALUES (70, '2010-02-03', 'Tressa', 'Stamm', 629);
INSERT INTO passenger (`id`, `birthDate`, `firstName`, `lastName`, `seat_id`) VALUES (71, '2004-06-12', 'Yvette', 'Ondricka', 407);
INSERT INTO passenger (`id`, `birthDate`, `firstName`, `lastName`, `seat_id`) VALUES (72, '1972-01-31', 'Efrain', 'Huels', 1128);
INSERT INTO passenger (`id`, `birthDate`, `firstName`, `lastName`, `seat_id`) VALUES (73, '2011-10-16', 'Brook', 'Breitenberg', 125);
INSERT INTO passenger (`id`, `birthDate`, `firstName`, `lastName`, `seat_id`) VALUES (74, '1976-02-28', 'Darwin', 'Bayer', 1008);
INSERT INTO passenger (`id`, `birthDate`, `firstName`, `lastName`, `seat_id`) VALUES (75, '1996-12-19', 'Destany', 'Orn', 991);
INSERT INTO passenger (`id`, `birthDate`, `firstName`, `lastName`, `seat_id`) VALUES (76, '2013-12-26', 'Stuart', 'Heller', 1232);
INSERT INTO passenger (`id`, `birthDate`, `firstName`, `lastName`, `seat_id`) VALUES (77, '1986-06-04', 'Jude', 'Hilpert', 962);
INSERT INTO passenger (`id`, `birthDate`, `firstName`, `lastName`, `seat_id`) VALUES (78, '2006-06-26', 'Seth', 'O\'Reilly', 1090);
INSERT INTO passenger (`id`, `birthDate`, `firstName`, `lastName`, `seat_id`) VALUES (79, '2000-11-06', 'Allie', 'Senger', 1235);
INSERT INTO passenger (`id`, `birthDate`, `firstName`, `lastName`, `seat_id`) VALUES (80, '2005-09-11', 'Myrtle', 'Corkery', 588);
INSERT INTO passenger (`id`, `birthDate`, `firstName`, `lastName`, `seat_id`) VALUES (81, '2007-09-25', 'Vaughn', 'Rau', 322);
INSERT INTO passenger (`id`, `birthDate`, `firstName`, `lastName`, `seat_id`) VALUES (82, '2015-05-01', 'Declan', 'Buckridge', 356);
INSERT INTO passenger (`id`, `birthDate`, `firstName`, `lastName`, `seat_id`) VALUES (83, '1976-08-02', 'Hilario', 'Welch', 893);
INSERT INTO passenger (`id`, `birthDate`, `firstName`, `lastName`, `seat_id`) VALUES (84, '2007-05-30', 'Rosemarie', 'Mraz', 275);
INSERT INTO passenger (`id`, `birthDate`, `firstName`, `lastName`, `seat_id`) VALUES (85, '1981-08-03', 'Sanford', 'Tromp', 169);
INSERT INTO passenger (`id`, `birthDate`, `firstName`, `lastName`, `seat_id`) VALUES (86, '1987-03-06', 'Delores', 'Miller', 1138);
INSERT INTO passenger (`id`, `birthDate`, `firstName`, `lastName`, `seat_id`) VALUES (87, '2008-12-09', 'Eda', 'Labadie', 380);
INSERT INTO passenger (`id`, `birthDate`, `firstName`, `lastName`, `seat_id`) VALUES (88, '2009-06-11', 'Imogene', 'Rolfson', 805);
INSERT INTO passenger (`id`, `birthDate`, `firstName`, `lastName`, `seat_id`) VALUES (89, '1985-01-25', 'Catharine', 'Koelpin', 153);
INSERT INTO passenger (`id`, `birthDate`, `firstName`, `lastName`, `seat_id`) VALUES (90, '2005-09-04', 'Terrill', 'Bergstrom', 174);
INSERT INTO passenger (`id`, `birthDate`, `firstName`, `lastName`, `seat_id`) VALUES (91, '1976-07-25', 'Jeanne', 'Turner', 501);
INSERT INTO passenger (`id`, `birthDate`, `firstName`, `lastName`, `seat_id`) VALUES (92, '2015-02-03', 'Giles', 'Doyle', 671);
INSERT INTO passenger (`id`, `birthDate`, `firstName`, `lastName`, `seat_id`) VALUES (93, '2003-12-24', 'Jamarcus', 'Jenkins', 609);
INSERT INTO passenger (`id`, `birthDate`, `firstName`, `lastName`, `seat_id`) VALUES (94, '1977-02-05', 'Nigel', 'Ankunding', 56);
INSERT INTO passenger (`id`, `birthDate`, `firstName`, `lastName`, `seat_id`) VALUES (95, '1980-01-12', 'Alize', 'Stamm', 739);
INSERT INTO passenger (`id`, `birthDate`, `firstName`, `lastName`, `seat_id`) VALUES (96, '1984-12-13', 'Jayda', 'Block', 444);
INSERT INTO passenger (`id`, `birthDate`, `firstName`, `lastName`, `seat_id`) VALUES (97, '1970-09-13', 'Kelli', 'Nolan', 412);
INSERT INTO passenger (`id`, `birthDate`, `firstName`, `lastName`, `seat_id`) VALUES (98, '1993-09-20', 'Lilyan', 'O\'Reilly', 335);
INSERT INTO passenger (`id`, `birthDate`, `firstName`, `lastName`, `seat_id`) VALUES (99, '1991-12-14', 'Jamie', 'Zboncak', 680);
INSERT INTO passenger (`id`, `birthDate`, `firstName`, `lastName`, `seat_id`) VALUES (100, '1996-09-11', 'Hosea', 'Waelchi', 68);
INSERT INTO passenger (`id`, `birthDate`, `firstName`, `lastName`, `seat_id`) VALUES (101, '2006-10-21', 'Scarlett', 'Turner', 964);
INSERT INTO passenger (`id`, `birthDate`, `firstName`, `lastName`, `seat_id`) VALUES (102, '1993-05-22', 'Brandyn', 'Cummerata', 1086);
INSERT INTO passenger (`id`, `birthDate`, `firstName`, `lastName`, `seat_id`) VALUES (103, '1985-10-06', 'Maximilian', 'Rice', 1195);
INSERT INTO passenger (`id`, `birthDate`, `firstName`, `lastName`, `seat_id`) VALUES (104, '1970-11-14', 'Lonny', 'Ankunding', 1088);
INSERT INTO passenger (`id`, `birthDate`, `firstName`, `lastName`, `seat_id`) VALUES (105, '1984-01-31', 'Damaris', 'Lang', 834);
INSERT INTO passenger (`id`, `birthDate`, `firstName`, `lastName`, `seat_id`) VALUES (106, '2013-04-28', 'Granville', 'Olson', 926);
INSERT INTO passenger (`id`, `birthDate`, `firstName`, `lastName`, `seat_id`) VALUES (107, '2015-10-27', 'Bailee', 'Kutch', 1060);
INSERT INTO passenger (`id`, `birthDate`, `firstName`, `lastName`, `seat_id`) VALUES (108, '2014-02-06', 'Alexandra', 'Roberts', 536);
INSERT INTO passenger (`id`, `birthDate`, `firstName`, `lastName`, `seat_id`) VALUES (109, '1995-11-10', 'Heidi', 'Willms', 755);
INSERT INTO passenger (`id`, `birthDate`, `firstName`, `lastName`, `seat_id`) VALUES (110, '2016-06-30', 'Rigoberto', 'Bernier', 1034);
INSERT INTO passenger (`id`, `birthDate`, `firstName`, `lastName`, `seat_id`) VALUES (111, '1996-06-27', 'Taya', 'Goldner', 1124);
INSERT INTO passenger (`id`, `birthDate`, `firstName`, `lastName`, `seat_id`) VALUES (112, '2012-10-31', 'Waylon', 'Price', 1076);
INSERT INTO passenger (`id`, `birthDate`, `firstName`, `lastName`, `seat_id`) VALUES (113, '1999-08-16', 'Walter', 'Stroman', 129);
INSERT INTO passenger (`id`, `birthDate`, `firstName`, `lastName`, `seat_id`) VALUES (114, '1997-05-09', 'Bette', 'Ferry', 757);
INSERT INTO passenger (`id`, `birthDate`, `firstName`, `lastName`, `seat_id`) VALUES (115, '1976-02-23', 'Colton', 'Lehner', 91);
INSERT INTO passenger (`id`, `birthDate`, `firstName`, `lastName`, `seat_id`) VALUES (116, '2010-02-14', 'Hadley', 'Berge', 298);
INSERT INTO passenger (`id`, `birthDate`, `firstName`, `lastName`, `seat_id`) VALUES (117, '2012-05-10', 'Rosie', 'Mraz', 634);
INSERT INTO passenger (`id`, `birthDate`, `firstName`, `lastName`, `seat_id`) VALUES (118, '2012-11-18', 'Randi', 'Bailey', 470);
INSERT INTO passenger (`id`, `birthDate`, `firstName`, `lastName`, `seat_id`) VALUES (119, '1997-06-29', 'Marge', 'Beahan', 1102);
INSERT INTO passenger (`id`, `birthDate`, `firstName`, `lastName`, `seat_id`) VALUES (120, '2010-10-30', 'Zita', 'Kreiger', 786);
INSERT INTO passenger (`id`, `birthDate`, `firstName`, `lastName`, `seat_id`) VALUES (121, '2010-08-17', 'Elsa', 'Cruickshank', 644);
INSERT INTO passenger (`id`, `birthDate`, `firstName`, `lastName`, `seat_id`) VALUES (122, '2006-08-02', 'Amir', 'Stoltenberg', 343);
INSERT INTO passenger (`id`, `birthDate`, `firstName`, `lastName`, `seat_id`) VALUES (123, '2015-10-21', 'Alanna', 'O\'Keefe', 197);
INSERT INTO passenger (`id`, `birthDate`, `firstName`, `lastName`, `seat_id`) VALUES (124, '1973-07-26', 'Gust', 'Thiel', 1253);
INSERT INTO passenger (`id`, `birthDate`, `firstName`, `lastName`, `seat_id`) VALUES (125, '2006-10-25', 'Bonnie', 'Bosco', 398);
INSERT INTO passenger (`id`, `birthDate`, `firstName`, `lastName`, `seat_id`) VALUES (126, '2000-03-07', 'Delphia', 'Rowe', 936);
INSERT INTO passenger (`id`, `birthDate`, `firstName`, `lastName`, `seat_id`) VALUES (127, '1974-05-05', 'Amie', 'Cronin', 436);
INSERT INTO passenger (`id`, `birthDate`, `firstName`, `lastName`, `seat_id`) VALUES (128, '1976-02-16', 'Ryley', 'Hyatt', 809);
INSERT INTO passenger (`id`, `birthDate`, `firstName`, `lastName`, `seat_id`) VALUES (129, '1996-08-18', 'Noemy', 'Ritchie', 10);
INSERT INTO passenger (`id`, `birthDate`, `firstName`, `lastName`, `seat_id`) VALUES (130, '1971-06-30', 'Myra', 'Kreiger', 1115);
INSERT INTO passenger (`id`, `birthDate`, `firstName`, `lastName`, `seat_id`) VALUES (131, '2011-01-15', 'Pamela', 'Kub', 877);
INSERT INTO passenger (`id`, `birthDate`, `firstName`, `lastName`, `seat_id`) VALUES (132, '2004-04-22', 'Oren', 'Hintz', 974);
INSERT INTO passenger (`id`, `birthDate`, `firstName`, `lastName`, `seat_id`) VALUES (133, '2015-11-04', 'Myrl', 'Pacocha', 941);
INSERT INTO passenger (`id`, `birthDate`, `firstName`, `lastName`, `seat_id`) VALUES (134, '1970-06-05', 'Peter', 'Bruen', 811);
INSERT INTO passenger (`id`, `birthDate`, `firstName`, `lastName`, `seat_id`) VALUES (135, '2010-09-19', 'Kailyn', 'Will', 801);
INSERT INTO passenger (`id`, `birthDate`, `firstName`, `lastName`, `seat_id`) VALUES (136, '1982-12-10', 'Jayson', 'Bashirian', 515);
INSERT INTO passenger (`id`, `birthDate`, `firstName`, `lastName`, `seat_id`) VALUES (137, '1973-12-06', 'Nella', 'Hoeger', 477);
INSERT INTO passenger (`id`, `birthDate`, `firstName`, `lastName`, `seat_id`) VALUES (138, '1996-06-02', 'Celestine', 'Stiedemann', 600);
INSERT INTO passenger (`id`, `birthDate`, `firstName`, `lastName`, `seat_id`) VALUES (139, '1983-08-21', 'Adella', 'Hane', 1050);
INSERT INTO passenger (`id`, `birthDate`, `firstName`, `lastName`, `seat_id`) VALUES (140, '1992-07-31', 'Nyasia', 'O\'Connell', 1232);
INSERT INTO passenger (`id`, `birthDate`, `firstName`, `lastName`, `seat_id`) VALUES (141, '2012-04-06', 'Elliot', 'Armstrong', 374);
INSERT INTO passenger (`id`, `birthDate`, `firstName`, `lastName`, `seat_id`) VALUES (142, '1993-06-12', 'Lexie', 'Beatty', 914);
INSERT INTO passenger (`id`, `birthDate`, `firstName`, `lastName`, `seat_id`) VALUES (143, '2015-01-09', 'Yoshiko', 'Marks', 1047);
INSERT INTO passenger (`id`, `birthDate`, `firstName`, `lastName`, `seat_id`) VALUES (144, '2007-01-07', 'Destiny', 'Stark', 503);
INSERT INTO passenger (`id`, `birthDate`, `firstName`, `lastName`, `seat_id`) VALUES (145, '1971-10-27', 'Maribel', 'Emmerich', 410);
INSERT INTO passenger (`id`, `birthDate`, `firstName`, `lastName`, `seat_id`) VALUES (146, '1982-05-21', 'Reid', 'O\'Reilly', 1138);
INSERT INTO passenger (`id`, `birthDate`, `firstName`, `lastName`, `seat_id`) VALUES (147, '2007-01-09', 'Lennie', 'O\'Conner', 800);
INSERT INTO passenger (`id`, `birthDate`, `firstName`, `lastName`, `seat_id`) VALUES (148, '1983-01-04', 'Serena', 'Waters', 1043);
INSERT INTO passenger (`id`, `birthDate`, `firstName`, `lastName`, `seat_id`) VALUES (149, '1976-11-04', 'Shad', 'Kohler', 347);
INSERT INTO passenger (`id`, `birthDate`, `firstName`, `lastName`, `seat_id`) VALUES (150, '1999-08-11', 'Grayce', 'Nader', 641);
INSERT INTO passenger (`id`, `birthDate`, `firstName`, `lastName`, `seat_id`) VALUES (151, '1979-09-09', 'Addison', 'Walsh', 569);
INSERT INTO passenger (`id`, `birthDate`, `firstName`, `lastName`, `seat_id`) VALUES (152, '1982-03-02', 'Mariano', 'Bernier', 991);
INSERT INTO passenger (`id`, `birthDate`, `firstName`, `lastName`, `seat_id`) VALUES (153, '1984-02-28', 'Orlo', 'Gottlieb', 983);
INSERT INTO passenger (`id`, `birthDate`, `firstName`, `lastName`, `seat_id`) VALUES (154, '1990-08-26', 'Carmella', 'Bergnaum', 766);
INSERT INTO passenger (`id`, `birthDate`, `firstName`, `lastName`, `seat_id`) VALUES (155, '2007-08-17', 'Estella', 'Kunze', 983);
INSERT INTO passenger (`id`, `birthDate`, `firstName`, `lastName`, `seat_id`) VALUES (156, '1976-01-02', 'Ruthie', 'King', 121);
INSERT INTO passenger (`id`, `birthDate`, `firstName`, `lastName`, `seat_id`) VALUES (157, '2016-04-11', 'Jillian', 'Johnson', 441);
INSERT INTO passenger (`id`, `birthDate`, `firstName`, `lastName`, `seat_id`) VALUES (158, '1980-02-29', 'Jordon', 'Williamson', 159);
INSERT INTO passenger (`id`, `birthDate`, `firstName`, `lastName`, `seat_id`) VALUES (159, '1979-06-21', 'Marty', 'Kshlerin', 929);
INSERT INTO passenger (`id`, `birthDate`, `firstName`, `lastName`, `seat_id`) VALUES (160, '1999-09-21', 'Flossie', 'Collins', 451);
INSERT INTO passenger (`id`, `birthDate`, `firstName`, `lastName`, `seat_id`) VALUES (161, '1981-03-13', 'Ima', 'Auer', 13);
INSERT INTO passenger (`id`, `birthDate`, `firstName`, `lastName`, `seat_id`) VALUES (162, '2003-01-22', 'Cade', 'Kunze', 546);
INSERT INTO passenger (`id`, `birthDate`, `firstName`, `lastName`, `seat_id`) VALUES (163, '2010-01-26', 'Robin', 'Block', 164);
INSERT INTO passenger (`id`, `birthDate`, `firstName`, `lastName`, `seat_id`) VALUES (164, '1997-08-22', 'Hardy', 'Collier', 954);
INSERT INTO passenger (`id`, `birthDate`, `firstName`, `lastName`, `seat_id`) VALUES (165, '1981-04-04', 'Marcus', 'Feeney', 97);
INSERT INTO passenger (`id`, `birthDate`, `firstName`, `lastName`, `seat_id`) VALUES (166, '1997-05-24', 'Juvenal', 'Halvorson', 965);
INSERT INTO passenger (`id`, `birthDate`, `firstName`, `lastName`, `seat_id`) VALUES (167, '2012-10-31', 'Dallin', 'Sawayn', 209);
INSERT INTO passenger (`id`, `birthDate`, `firstName`, `lastName`, `seat_id`) VALUES (168, '1978-04-14', 'Valentin', 'Baumbach', 573);
INSERT INTO passenger (`id`, `birthDate`, `firstName`, `lastName`, `seat_id`) VALUES (169, '1976-08-19', 'Clementine', 'Moen', 305);
INSERT INTO passenger (`id`, `birthDate`, `firstName`, `lastName`, `seat_id`) VALUES (170, '2002-04-26', 'Violet', 'Feest', 1258);

#
# TABLE STRUCTURE FOR: booking
#

INSERT INTO booking (`Id`) VALUES (00);
INSERT INTO booking (`Id`) VALUES (01);
INSERT INTO booking (`Id`) VALUES (02);
INSERT INTO booking (`Id`) VALUES (03);
INSERT INTO booking (`Id`) VALUES (04);
INSERT INTO booking (`Id`) VALUES (05);
INSERT INTO booking (`Id`) VALUES (06);
INSERT INTO booking (`Id`) VALUES (07);
INSERT INTO booking (`Id`) VALUES (08);
INSERT INTO booking (`Id`) VALUES (09);
INSERT INTO booking (`Id`) VALUES (10);
INSERT INTO booking (`Id`) VALUES (11);
INSERT INTO booking (`Id`) VALUES (12);
INSERT INTO booking (`Id`) VALUES (13);
INSERT INTO booking (`Id`) VALUES (14);
INSERT INTO booking (`Id`) VALUES (15);
INSERT INTO booking (`Id`) VALUES (16);
INSERT INTO booking (`Id`) VALUES (17);
INSERT INTO booking (`Id`) VALUES (18);
INSERT INTO booking (`Id`) VALUES (19);
INSERT INTO booking (`Id`) VALUES (20);
INSERT INTO booking (`Id`) VALUES (21);
INSERT INTO booking (`Id`) VALUES (22);
INSERT INTO booking (`Id`) VALUES (23);
INSERT INTO booking (`Id`) VALUES (24);
INSERT INTO booking (`Id`) VALUES (25);
INSERT INTO booking (`Id`) VALUES (26);
INSERT INTO booking (`Id`) VALUES (27);
INSERT INTO booking (`Id`) VALUES (28);
INSERT INTO booking (`Id`) VALUES (29);
INSERT INTO booking (`Id`) VALUES (30);
INSERT INTO booking (`Id`) VALUES (31);
INSERT INTO booking (`Id`) VALUES (32);
INSERT INTO booking (`Id`) VALUES (33);
INSERT INTO booking (`Id`) VALUES (34);
INSERT INTO booking (`Id`) VALUES (35);
INSERT INTO booking (`Id`) VALUES (36);
INSERT INTO booking (`Id`) VALUES (37);
INSERT INTO booking (`Id`) VALUES (38);
INSERT INTO booking (`Id`) VALUES (39);
INSERT INTO booking (`Id`) VALUES (40);
INSERT INTO booking (`Id`) VALUES (41);
INSERT INTO booking (`Id`) VALUES (42);
INSERT INTO booking (`Id`) VALUES (43);
INSERT INTO booking (`Id`) VALUES (44);
INSERT INTO booking (`Id`) VALUES (45);
INSERT INTO booking (`Id`) VALUES (46);
INSERT INTO booking (`Id`) VALUES (47);
INSERT INTO booking (`Id`) VALUES (48);
INSERT INTO booking (`Id`) VALUES (49);
INSERT INTO booking (`Id`) VALUES (50);
INSERT INTO booking (`Id`) VALUES (51);
INSERT INTO booking (`Id`) VALUES (52);
INSERT INTO booking (`Id`) VALUES (53);
INSERT INTO booking (`Id`) VALUES (54);
INSERT INTO booking (`Id`) VALUES (55);
INSERT INTO booking (`Id`) VALUES (56);
INSERT INTO booking (`Id`) VALUES (57);
INSERT INTO booking (`Id`) VALUES (58);
INSERT INTO booking (`Id`) VALUES (59);
INSERT INTO booking (`Id`) VALUES (60);
INSERT INTO booking (`Id`) VALUES (61);
INSERT INTO booking (`Id`) VALUES (62);
INSERT INTO booking (`Id`) VALUES (63);
INSERT INTO booking (`Id`) VALUES (64);
INSERT INTO booking (`Id`) VALUES (65);
INSERT INTO booking (`Id`) VALUES (66);
INSERT INTO booking (`Id`) VALUES (67);
INSERT INTO booking (`Id`) VALUES (68);
INSERT INTO booking (`Id`) VALUES (69);
INSERT INTO booking (`Id`) VALUES (70);
INSERT INTO booking (`Id`) VALUES (71);
INSERT INTO booking (`Id`) VALUES (72);
INSERT INTO booking (`Id`) VALUES (73);
INSERT INTO booking (`Id`) VALUES (74);
INSERT INTO booking (`Id`) VALUES (75);
INSERT INTO booking (`Id`) VALUES (76);
INSERT INTO booking (`Id`) VALUES (77);
INSERT INTO booking (`Id`) VALUES (78);
INSERT INTO booking (`Id`) VALUES (79);
INSERT INTO booking (`Id`) VALUES (80);
INSERT INTO booking (`Id`) VALUES (81);
INSERT INTO booking (`Id`) VALUES (82);
INSERT INTO booking (`Id`) VALUES (83);
INSERT INTO booking (`Id`) VALUES (84);
INSERT INTO booking (`Id`) VALUES (85);
INSERT INTO booking (`Id`) VALUES (86);
INSERT INTO booking (`Id`) VALUES (87);
INSERT INTO booking (`Id`) VALUES (88);
INSERT INTO booking (`Id`) VALUES (89);
INSERT INTO booking (`Id`) VALUES (90);
INSERT INTO booking (`Id`) VALUES (91);
INSERT INTO booking (`Id`) VALUES (92);
INSERT INTO booking (`Id`) VALUES (93);
INSERT INTO booking (`Id`) VALUES (94);
INSERT INTO booking (`Id`) VALUES (95);
INSERT INTO booking (`Id`) VALUES (96);
INSERT INTO booking (`Id`) VALUES (97);
INSERT INTO booking (`Id`) VALUES (98);
INSERT INTO booking (`Id`) VALUES (99);









#
# TABLE STRUCTURE FOR: booking_passenger
#


INSERT INTO booking_passenger (`Booking_Id`, `passengers_id`) VALUES (00, 22);
INSERT INTO booking_passenger (`Booking_Id`, `passengers_id`) VALUES (01, 82);
INSERT INTO booking_passenger (`Booking_Id`, `passengers_id`) VALUES (02, 83);
INSERT INTO booking_passenger (`Booking_Id`, `passengers_id`) VALUES (03, 142);
INSERT INTO booking_passenger (`Booking_Id`, `passengers_id`) VALUES (05, 75);
INSERT INTO booking_passenger (`Booking_Id`, `passengers_id`) VALUES (06, 65);
INSERT INTO booking_passenger (`Booking_Id`, `passengers_id`) VALUES (07, 21);
INSERT INTO booking_passenger (`Booking_Id`, `passengers_id`) VALUES (07, 111);
INSERT INTO booking_passenger (`Booking_Id`, `passengers_id`) VALUES (09, 76);
INSERT INTO booking_passenger (`Booking_Id`, `passengers_id`) VALUES (10, 110);
INSERT INTO booking_passenger (`Booking_Id`, `passengers_id`) VALUES (11, 122);
INSERT INTO booking_passenger (`Booking_Id`, `passengers_id`) VALUES (11, 128);
INSERT INTO booking_passenger (`Booking_Id`, `passengers_id`) VALUES (11, 146);
INSERT INTO booking_passenger (`Booking_Id`, `passengers_id`) VALUES (12, 115);
INSERT INTO booking_passenger (`Booking_Id`, `passengers_id`) VALUES (15, 55);
INSERT INTO booking_passenger (`Booking_Id`, `passengers_id`) VALUES (16, 154);
INSERT INTO booking_passenger (`Booking_Id`, `passengers_id`) VALUES (16, 166);
INSERT INTO booking_passenger (`Booking_Id`, `passengers_id`) VALUES (17, 148);
INSERT INTO booking_passenger (`Booking_Id`, `passengers_id`) VALUES (17, 153);
INSERT INTO booking_passenger (`Booking_Id`, `passengers_id`) VALUES (20, 48);
INSERT INTO booking_passenger (`Booking_Id`, `passengers_id`) VALUES (20, 74);
INSERT INTO booking_passenger (`Booking_Id`, `passengers_id`) VALUES (22, 20);
INSERT INTO booking_passenger (`Booking_Id`, `passengers_id`) VALUES (23, 29);
INSERT INTO booking_passenger (`Booking_Id`, `passengers_id`) VALUES (23, 45);
INSERT INTO booking_passenger (`Booking_Id`, `passengers_id`) VALUES (25, 96);
INSERT INTO booking_passenger (`Booking_Id`, `passengers_id`) VALUES (25, 141);
INSERT INTO booking_passenger (`Booking_Id`, `passengers_id`) VALUES (25, 149);
INSERT INTO booking_passenger (`Booking_Id`, `passengers_id`) VALUES (26, 145);
INSERT INTO booking_passenger (`Booking_Id`, `passengers_id`) VALUES (27, 100);
INSERT INTO booking_passenger (`Booking_Id`, `passengers_id`) VALUES (27, 163);
INSERT INTO booking_passenger (`Booking_Id`, `passengers_id`) VALUES (27, 169);
INSERT INTO booking_passenger (`Booking_Id`, `passengers_id`) VALUES (28, 71);
INSERT INTO booking_passenger (`Booking_Id`, `passengers_id`) VALUES (28, 84);
INSERT INTO booking_passenger (`Booking_Id`, `passengers_id`) VALUES (29, 57);
INSERT INTO booking_passenger (`Booking_Id`, `passengers_id`) VALUES (30, 138);
INSERT INTO booking_passenger (`Booking_Id`, `passengers_id`) VALUES (33, 28);
INSERT INTO booking_passenger (`Booking_Id`, `passengers_id`) VALUES (33, 44);
INSERT INTO booking_passenger (`Booking_Id`, `passengers_id`) VALUES (33, 53);
INSERT INTO booking_passenger (`Booking_Id`, `passengers_id`) VALUES (33, 90);
INSERT INTO booking_passenger (`Booking_Id`, `passengers_id`) VALUES (33, 117);
INSERT INTO booking_passenger (`Booking_Id`, `passengers_id`) VALUES (34, 144);
INSERT INTO booking_passenger (`Booking_Id`, `passengers_id`) VALUES (35, 9);
INSERT INTO booking_passenger (`Booking_Id`, `passengers_id`) VALUES (35, 12);
INSERT INTO booking_passenger (`Booking_Id`, `passengers_id`) VALUES (35, 68);
INSERT INTO booking_passenger (`Booking_Id`, `passengers_id`) VALUES (38, 89);
INSERT INTO booking_passenger (`Booking_Id`, `passengers_id`) VALUES (39, 129);
INSERT INTO booking_passenger (`Booking_Id`, `passengers_id`) VALUES (39, 156);
INSERT INTO booking_passenger (`Booking_Id`, `passengers_id`) VALUES (40, 6);
INSERT INTO booking_passenger (`Booking_Id`, `passengers_id`) VALUES (40, 56);
INSERT INTO booking_passenger (`Booking_Id`, `passengers_id`) VALUES (43, 67);
INSERT INTO booking_passenger (`Booking_Id`, `passengers_id`) VALUES (44, 33);
INSERT INTO booking_passenger (`Booking_Id`, `passengers_id`) VALUES (44, 85);
INSERT INTO booking_passenger (`Booking_Id`, `passengers_id`) VALUES (44, 86);
INSERT INTO booking_passenger (`Booking_Id`, `passengers_id`) VALUES (44, 133);
INSERT INTO booking_passenger (`Booking_Id`, `passengers_id`) VALUES (45, 51);
INSERT INTO booking_passenger (`Booking_Id`, `passengers_id`) VALUES (46, 50);
INSERT INTO booking_passenger (`Booking_Id`, `passengers_id`) VALUES (46, 113);
INSERT INTO booking_passenger (`Booking_Id`, `passengers_id`) VALUES (46, 127);
INSERT INTO booking_passenger (`Booking_Id`, `passengers_id`) VALUES (47, 152);
INSERT INTO booking_passenger (`Booking_Id`, `passengers_id`) VALUES (47, 165);
INSERT INTO booking_passenger (`Booking_Id`, `passengers_id`) VALUES (49, 73);
INSERT INTO booking_passenger (`Booking_Id`, `passengers_id`) VALUES (49, 158);
INSERT INTO booking_passenger (`Booking_Id`, `passengers_id`) VALUES (50, 5);
INSERT INTO booking_passenger (`Booking_Id`, `passengers_id`) VALUES (50, 105);
INSERT INTO booking_passenger (`Booking_Id`, `passengers_id`) VALUES (50, 107);
INSERT INTO booking_passenger (`Booking_Id`, `passengers_id`) VALUES (54, 72);
INSERT INTO booking_passenger (`Booking_Id`, `passengers_id`) VALUES (54, 164);
INSERT INTO booking_passenger (`Booking_Id`, `passengers_id`) VALUES (55, 37);
INSERT INTO booking_passenger (`Booking_Id`, `passengers_id`) VALUES (55, 66);
INSERT INTO booking_passenger (`Booking_Id`, `passengers_id`) VALUES (55, 103);
INSERT INTO booking_passenger (`Booking_Id`, `passengers_id`) VALUES (56, 168);
INSERT INTO booking_passenger (`Booking_Id`, `passengers_id`) VALUES (60, 26);
INSERT INTO booking_passenger (`Booking_Id`, `passengers_id`) VALUES (60, 58);
INSERT INTO booking_passenger (`Booking_Id`, `passengers_id`) VALUES (61, 99);
INSERT INTO booking_passenger (`Booking_Id`, `passengers_id`) VALUES (63, 41);
INSERT INTO booking_passenger (`Booking_Id`, `passengers_id`) VALUES (65, 40);
INSERT INTO booking_passenger (`Booking_Id`, `passengers_id`) VALUES (66, 108);
INSERT INTO booking_passenger (`Booking_Id`, `passengers_id`) VALUES (66, 118);
INSERT INTO booking_passenger (`Booking_Id`, `passengers_id`) VALUES (67, 24);
INSERT INTO booking_passenger (`Booking_Id`, `passengers_id`) VALUES (67, 91);
INSERT INTO booking_passenger (`Booking_Id`, `passengers_id`) VALUES (68, 27);
INSERT INTO booking_passenger (`Booking_Id`, `passengers_id`) VALUES (70, 19);
INSERT INTO booking_passenger (`Booking_Id`, `passengers_id`) VALUES (72, 94);
INSERT INTO booking_passenger (`Booking_Id`, `passengers_id`) VALUES (73, 125);
INSERT INTO booking_passenger (`Booking_Id`, `passengers_id`) VALUES (74, 143);
INSERT INTO booking_passenger (`Booking_Id`, `passengers_id`) VALUES (74, 157);
INSERT INTO booking_passenger (`Booking_Id`, `passengers_id`) VALUES (79, 136);
INSERT INTO booking_passenger (`Booking_Id`, `passengers_id`) VALUES (82, 18);
INSERT INTO booking_passenger (`Booking_Id`, `passengers_id`) VALUES (82, 63);
INSERT INTO booking_passenger (`Booking_Id`, `passengers_id`) VALUES (85, 7);
INSERT INTO booking_passenger (`Booking_Id`, `passengers_id`) VALUES (85, 77);
INSERT INTO booking_passenger (`Booking_Id`, `passengers_id`) VALUES (86, 11);
INSERT INTO booking_passenger (`Booking_Id`, `passengers_id`) VALUES (86, 124);
INSERT INTO booking_passenger (`Booking_Id`, `passengers_id`) VALUES (87, 39);
INSERT INTO booking_passenger (`Booking_Id`, `passengers_id`) VALUES (88, 104);
INSERT INTO booking_passenger (`Booking_Id`, `passengers_id`) VALUES (89, 126);
INSERT INTO booking_passenger (`Booking_Id`, `passengers_id`) VALUES (89, 134);
INSERT INTO booking_passenger (`Booking_Id`, `passengers_id`) VALUES (91, 62);
INSERT INTO booking_passenger (`Booking_Id`, `passengers_id`) VALUES (92, 10);
INSERT INTO booking_passenger (`Booking_Id`, `passengers_id`) VALUES (93, 155);
INSERT INTO booking_passenger (`Booking_Id`, `passengers_id`) VALUES (94, 13);
INSERT INTO booking_passenger (`Booking_Id`, `passengers_id`) VALUES (95, 119);
INSERT INTO booking_passenger (`Booking_Id`, `passengers_id`) VALUES (97, 23);
INSERT INTO booking_passenger (`Booking_Id`, `passengers_id`) VALUES (97, 31);
INSERT INTO booking_passenger (`Booking_Id`, `passengers_id`) VALUES (99, 17);






#
# TABLE STRUCTURE FOR: flight
#

INSERT INTO flight (`id`, `departureDateTime`, `duration`, `flightCompany_id`, `from_id`, `to_id`) VALUES (1, '1955-08-28 14:45:19', '1', 1, 160, 222);
INSERT INTO flight (`id`, `departureDateTime`, `duration`, `flightCompany_id`, `from_id`, `to_id`) VALUES (2, '1941-04-19 17:23:45', '1', 15, 21, 12);
INSERT INTO flight (`id`, `departureDateTime`, `duration`, `flightCompany_id`, `from_id`, `to_id`) VALUES (3, '2015-01-08 01:32:30', '7', 2, 95, 100);
INSERT INTO flight (`id`, `departureDateTime`, `duration`, `flightCompany_id`, `from_id`, `to_id`) VALUES (4, '1945-07-29 20:41:09', '5', 12, 238, 189);
INSERT INTO flight (`id`, `departureDateTime`, `duration`, `flightCompany_id`, `from_id`, `to_id`) VALUES (5, '2007-08-27 21:18:25', '4', 11, 106, 238);
INSERT INTO flight (`id`, `departureDateTime`, `duration`, `flightCompany_id`, `from_id`, `to_id`) VALUES (6, '1993-01-09 00:05:34', '2', 14, 250, 235);
INSERT INTO flight (`id`, `departureDateTime`, `duration`, `flightCompany_id`, `from_id`, `to_id`) VALUES (7, '1934-08-21 23:10:34', '5', 18, 208, 128);
INSERT INTO flight (`id`, `departureDateTime`, `duration`, `flightCompany_id`, `from_id`, `to_id`) VALUES (8, '1948-07-06 02:21:10', '6', 8, 110, 160);
INSERT INTO flight (`id`, `departureDateTime`, `duration`, `flightCompany_id`, `from_id`, `to_id`) VALUES (9, '2016-06-19 01:49:46', '2', 9, 74, 244);
INSERT INTO flight (`id`, `departureDateTime`, `duration`, `flightCompany_id`, `from_id`, `to_id`) VALUES (10, '2005-06-04 00:20:14', '5', 5, 212, 168);
INSERT INTO flight (`id`, `departureDateTime`, `duration`, `flightCompany_id`, `from_id`, `to_id`) VALUES (11, '1963-09-05 19:20:57', '8', 17, 207, 125);
INSERT INTO flight (`id`, `departureDateTime`, `duration`, `flightCompany_id`, `from_id`, `to_id`) VALUES (12, '1945-07-23 20:52:17', '8', 1, 60, 78);
INSERT INTO flight (`id`, `departureDateTime`, `duration`, `flightCompany_id`, `from_id`, `to_id`) VALUES (13, '1994-02-08 15:36:05', '9', 14, 20, 89);
INSERT INTO flight (`id`, `departureDateTime`, `duration`, `flightCompany_id`, `from_id`, `to_id`) VALUES (14, '1921-10-11 20:13:35', '3', 10, 224, 143);
INSERT INTO flight (`id`, `departureDateTime`, `duration`, `flightCompany_id`, `from_id`, `to_id`) VALUES (15, '1999-11-24 00:43:38', '8', 6, 3, 103);
INSERT INTO flight (`id`, `departureDateTime`, `duration`, `flightCompany_id`, `from_id`, `to_id`) VALUES (16, '2008-08-03 02:25:35', '1', 3, 175, 219);
INSERT INTO flight (`id`, `departureDateTime`, `duration`, `flightCompany_id`, `from_id`, `to_id`) VALUES (17, '1928-02-10 17:48:08', '8', 14, 96, 210);
INSERT INTO flight (`id`, `departureDateTime`, `duration`, `flightCompany_id`, `from_id`, `to_id`) VALUES (18, '1945-08-21 20:01:21', '2', 4, 20, 8);
INSERT INTO flight (`id`, `departureDateTime`, `duration`, `flightCompany_id`, `from_id`, `to_id`) VALUES (19, '1957-08-23 10:32:31', '7', 1, 173, 74);
INSERT INTO flight (`id`, `departureDateTime`, `duration`, `flightCompany_id`, `from_id`, `to_id`) VALUES (20, '1935-08-07 14:53:54', '7', 3, 154, 131);
INSERT INTO flight (`id`, `departureDateTime`, `duration`, `flightCompany_id`, `from_id`, `to_id`) VALUES (21, '1970-04-19 19:35:29', '9', 17, 105, 31);
INSERT INTO flight (`id`, `departureDateTime`, `duration`, `flightCompany_id`, `from_id`, `to_id`) VALUES (22, '1987-06-30 13:33:50', '8', 7, 2, 158);
INSERT INTO flight (`id`, `departureDateTime`, `duration`, `flightCompany_id`, `from_id`, `to_id`) VALUES (23, '1918-03-29 19:03:50', '9', 7, 143, 216);
INSERT INTO flight (`id`, `departureDateTime`, `duration`, `flightCompany_id`, `from_id`, `to_id`) VALUES (24, '1982-11-10 23:52:51', '6', 12, 131, 71);
INSERT INTO flight (`id`, `departureDateTime`, `duration`, `flightCompany_id`, `from_id`, `to_id`) VALUES (25, '1961-01-24 16:09:16', '8', 13, 100, 84);
INSERT INTO flight (`id`, `departureDateTime`, `duration`, `flightCompany_id`, `from_id`, `to_id`) VALUES (26, '1998-09-01 10:25:48', '8', 15, 142, 198);
INSERT INTO flight (`id`, `departureDateTime`, `duration`, `flightCompany_id`, `from_id`, `to_id`) VALUES (27, '1921-07-28 15:29:09', '7', 10, 130, 2);
INSERT INTO flight (`id`, `departureDateTime`, `duration`, `flightCompany_id`, `from_id`, `to_id`) VALUES (28, '2012-07-21 11:09:23', '3', 3, 119, 30);
INSERT INTO flight (`id`, `departureDateTime`, `duration`, `flightCompany_id`, `from_id`, `to_id`) VALUES (29, '1959-07-03 10:59:32', '6', 3, 34, 37);
INSERT INTO flight (`id`, `departureDateTime`, `duration`, `flightCompany_id`, `from_id`, `to_id`) VALUES (30, '1932-09-10 06:48:13', '5', 12, 20, 171);
INSERT INTO flight (`id`, `departureDateTime`, `duration`, `flightCompany_id`, `from_id`, `to_id`) VALUES (31, '1934-03-01 12:33:42', '2', 3, 115, 258);
INSERT INTO flight (`id`, `departureDateTime`, `duration`, `flightCompany_id`, `from_id`, `to_id`) VALUES (32, '1980-04-06 08:43:44', '1', 18, 249, 138);
INSERT INTO flight (`id`, `departureDateTime`, `duration`, `flightCompany_id`, `from_id`, `to_id`) VALUES (33, '1982-01-17 16:41:48', '9', 11, 173, 127);
INSERT INTO flight (`id`, `departureDateTime`, `duration`, `flightCompany_id`, `from_id`, `to_id`) VALUES (34, '1950-06-26 06:32:24', '5', 2, 142, 167);
INSERT INTO flight (`id`, `departureDateTime`, `duration`, `flightCompany_id`, `from_id`, `to_id`) VALUES (35, '1992-06-29 09:58:02', '4', 4, 216, 19);
INSERT INTO flight (`id`, `departureDateTime`, `duration`, `flightCompany_id`, `from_id`, `to_id`) VALUES (36, '1920-04-12 18:00:53', '2', 7, 127, 155);
INSERT INTO flight (`id`, `departureDateTime`, `duration`, `flightCompany_id`, `from_id`, `to_id`) VALUES (37, '1928-10-05 14:41:12', '6', 4, 38, 122);
INSERT INTO flight (`id`, `departureDateTime`, `duration`, `flightCompany_id`, `from_id`, `to_id`) VALUES (38, '1942-07-24 03:41:45', '3', 12, 26, 236);
INSERT INTO flight (`id`, `departureDateTime`, `duration`, `flightCompany_id`, `from_id`, `to_id`) VALUES (39, '1982-06-21 00:26:02', '9', 20, 120, 34);
INSERT INTO flight (`id`, `departureDateTime`, `duration`, `flightCompany_id`, `from_id`, `to_id`) VALUES (40, '1929-05-24 04:34:58', '2', 15, 153, 199);
INSERT INTO flight (`id`, `departureDateTime`, `duration`, `flightCompany_id`, `from_id`, `to_id`) VALUES (41, '1951-10-01 14:49:26', '8', 2, 258, 224);
INSERT INTO flight (`id`, `departureDateTime`, `duration`, `flightCompany_id`, `from_id`, `to_id`) VALUES (42, '1981-12-25 08:39:48', '3', 17, 166, 216);
INSERT INTO flight (`id`, `departureDateTime`, `duration`, `flightCompany_id`, `from_id`, `to_id`) VALUES (43, '1928-10-28 18:52:12', '8', 1, 244, 184);
INSERT INTO flight (`id`, `departureDateTime`, `duration`, `flightCompany_id`, `from_id`, `to_id`) VALUES (44, '1945-06-20 18:45:43', '9', 6, 77, 133);
INSERT INTO flight (`id`, `departureDateTime`, `duration`, `flightCompany_id`, `from_id`, `to_id`) VALUES (45, '1934-07-16 03:07:32', '6', 3, 164, 163);
INSERT INTO flight (`id`, `departureDateTime`, `duration`, `flightCompany_id`, `from_id`, `to_id`) VALUES (46, '1975-06-07 01:34:59', '2', 16, 9, 175);
INSERT INTO flight (`id`, `departureDateTime`, `duration`, `flightCompany_id`, `from_id`, `to_id`) VALUES (47, '1991-03-14 21:01:36', '4', 8, 100, 32);
INSERT INTO flight (`id`, `departureDateTime`, `duration`, `flightCompany_id`, `from_id`, `to_id`) VALUES (48, '1990-07-13 23:11:16', '5', 12, 47, 85);
INSERT INTO flight (`id`, `departureDateTime`, `duration`, `flightCompany_id`, `from_id`, `to_id`) VALUES (49, '1942-07-03 20:45:40', '6', 12, 66, 2);
INSERT INTO flight (`id`, `departureDateTime`, `duration`, `flightCompany_id`, `from_id`, `to_id`) VALUES (50, '1984-03-06 04:10:52', '1', 8, 165, 177);
INSERT INTO flight (`id`, `departureDateTime`, `duration`, `flightCompany_id`, `from_id`, `to_id`) VALUES (51, '1939-09-04 20:49:02', '9', 4, 77, 119);
INSERT INTO flight (`id`, `departureDateTime`, `duration`, `flightCompany_id`, `from_id`, `to_id`) VALUES (52, '1990-11-08 18:38:16', '7', 14, 78, 105);
INSERT INTO flight (`id`, `departureDateTime`, `duration`, `flightCompany_id`, `from_id`, `to_id`) VALUES (53, '1947-07-23 23:02:39', '2', 5, 76, 50);
INSERT INTO flight (`id`, `departureDateTime`, `duration`, `flightCompany_id`, `from_id`, `to_id`) VALUES (54, '2004-03-01 18:19:28', '3', 4, 33, 258);
INSERT INTO flight (`id`, `departureDateTime`, `duration`, `flightCompany_id`, `from_id`, `to_id`) VALUES (55, '1933-09-17 00:43:34', '6', 1, 260, 5);
INSERT INTO flight (`id`, `departureDateTime`, `duration`, `flightCompany_id`, `from_id`, `to_id`) VALUES (56, '1950-02-24 20:08:08', '1', 10, 83, 199);
INSERT INTO flight (`id`, `departureDateTime`, `duration`, `flightCompany_id`, `from_id`, `to_id`) VALUES (57, '1998-09-25 02:23:07', '2', 4, 126, 154);
INSERT INTO flight (`id`, `departureDateTime`, `duration`, `flightCompany_id`, `from_id`, `to_id`) VALUES (58, '1959-09-04 14:44:01', '6', 14, 188, 253);
INSERT INTO flight (`id`, `departureDateTime`, `duration`, `flightCompany_id`, `from_id`, `to_id`) VALUES (59, '1972-10-03 14:27:05', '5', 2, 227, 85);
INSERT INTO flight (`id`, `departureDateTime`, `duration`, `flightCompany_id`, `from_id`, `to_id`) VALUES (60, '2002-06-27 07:10:07', '2', 11, 36, 242);
INSERT INTO flight (`id`, `departureDateTime`, `duration`, `flightCompany_id`, `from_id`, `to_id`) VALUES (61, '1929-11-26 21:51:00', '5', 12, 171, 169);
INSERT INTO flight (`id`, `departureDateTime`, `duration`, `flightCompany_id`, `from_id`, `to_id`) VALUES (62, '1947-06-18 15:45:07', '4', 8, 8, 209);
INSERT INTO flight (`id`, `departureDateTime`, `duration`, `flightCompany_id`, `from_id`, `to_id`) VALUES (63, '1936-05-11 09:49:42', '3', 16, 27, 115);
INSERT INTO flight (`id`, `departureDateTime`, `duration`, `flightCompany_id`, `from_id`, `to_id`) VALUES (64, '1975-10-30 03:26:08', '2', 7, 260, 249);
INSERT INTO flight (`id`, `departureDateTime`, `duration`, `flightCompany_id`, `from_id`, `to_id`) VALUES (65, '1925-11-18 16:14:25', '4', 2, 197, 68);
INSERT INTO flight (`id`, `departureDateTime`, `duration`, `flightCompany_id`, `from_id`, `to_id`) VALUES (66, '2014-04-01 20:11:56', '6', 4, 20, 228);
INSERT INTO flight (`id`, `departureDateTime`, `duration`, `flightCompany_id`, `from_id`, `to_id`) VALUES (67, '1966-05-13 09:13:13', '8', 19, 65, 41);
INSERT INTO flight (`id`, `departureDateTime`, `duration`, `flightCompany_id`, `from_id`, `to_id`) VALUES (68, '1991-09-01 04:32:19', '5', 11, 107, 125);
INSERT INTO flight (`id`, `departureDateTime`, `duration`, `flightCompany_id`, `from_id`, `to_id`) VALUES (69, '1998-08-18 08:27:02', '3', 11, 91, 156);
INSERT INTO flight (`id`, `departureDateTime`, `duration`, `flightCompany_id`, `from_id`, `to_id`) VALUES (70, '1936-07-12 19:15:46', '4', 19, 85, 149);
INSERT INTO flight (`id`, `departureDateTime`, `duration`, `flightCompany_id`, `from_id`, `to_id`) VALUES (71, '1943-09-14 10:07:13', '1', 9, 20, 191);
INSERT INTO flight (`id`, `departureDateTime`, `duration`, `flightCompany_id`, `from_id`, `to_id`) VALUES (72, '1967-01-20 21:46:49', '2', 4, 33, 191);
INSERT INTO flight (`id`, `departureDateTime`, `duration`, `flightCompany_id`, `from_id`, `to_id`) VALUES (73, '2018-01-09 17:07:40', '2', 19, 113, 78);
INSERT INTO flight (`id`, `departureDateTime`, `duration`, `flightCompany_id`, `from_id`, `to_id`) VALUES (74, '1946-04-17 16:35:48', '6', 14, 66, 2);
INSERT INTO flight (`id`, `departureDateTime`, `duration`, `flightCompany_id`, `from_id`, `to_id`) VALUES (75, '1948-12-26 03:31:14', '2', 15, 194, 26);
INSERT INTO flight (`id`, `departureDateTime`, `duration`, `flightCompany_id`, `from_id`, `to_id`) VALUES (76, '1964-10-03 05:17:31', '8', 4, 56, 241);
INSERT INTO flight (`id`, `departureDateTime`, `duration`, `flightCompany_id`, `from_id`, `to_id`) VALUES (77, '1955-06-12 17:51:12', '5', 18, 96, 253);
INSERT INTO flight (`id`, `departureDateTime`, `duration`, `flightCompany_id`, `from_id`, `to_id`) VALUES (78, '1965-11-06 23:42:41', '2', 4, 71, 29);
INSERT INTO flight (`id`, `departureDateTime`, `duration`, `flightCompany_id`, `from_id`, `to_id`) VALUES (79, '1962-06-19 12:00:42', '5', 14, 155, 48);
INSERT INTO flight (`id`, `departureDateTime`, `duration`, `flightCompany_id`, `from_id`, `to_id`) VALUES (80, '1986-04-16 04:45:08', '2', 20, 125, 143);
INSERT INTO flight (`id`, `departureDateTime`, `duration`, `flightCompany_id`, `from_id`, `to_id`) VALUES (81, '1998-04-20 22:26:54', '3', 8, 142, 144);
INSERT INTO flight (`id`, `departureDateTime`, `duration`, `flightCompany_id`, `from_id`, `to_id`) VALUES (82, '1925-01-23 01:30:27', '3', 4, 71, 55);
INSERT INTO flight (`id`, `departureDateTime`, `duration`, `flightCompany_id`, `from_id`, `to_id`) VALUES (83, '1955-01-05 21:18:48', '9', 19, 49, 200);
INSERT INTO flight (`id`, `departureDateTime`, `duration`, `flightCompany_id`, `from_id`, `to_id`) VALUES (84, '1963-06-19 22:05:46', '4', 19, 230, 196);
INSERT INTO flight (`id`, `departureDateTime`, `duration`, `flightCompany_id`, `from_id`, `to_id`) VALUES (85, '2005-12-19 06:48:56', '2', 8, 110, 80);
INSERT INTO flight (`id`, `departureDateTime`, `duration`, `flightCompany_id`, `from_id`, `to_id`) VALUES (86, '1925-01-31 07:09:47', '8', 6, 109, 259);
INSERT INTO flight (`id`, `departureDateTime`, `duration`, `flightCompany_id`, `from_id`, `to_id`) VALUES (87, '1923-08-15 23:01:32', '4', 3, 46, 125);
INSERT INTO flight (`id`, `departureDateTime`, `duration`, `flightCompany_id`, `from_id`, `to_id`) VALUES (88, '2001-02-10 07:44:03', '4', 3, 230, 154);
INSERT INTO flight (`id`, `departureDateTime`, `duration`, `flightCompany_id`, `from_id`, `to_id`) VALUES (89, '2013-10-08 20:35:33', '5', 19, 22, 36);
INSERT INTO flight (`id`, `departureDateTime`, `duration`, `flightCompany_id`, `from_id`, `to_id`) VALUES (90, '1933-11-04 12:35:58', '4', 13, 33, 6);
INSERT INTO flight (`id`, `departureDateTime`, `duration`, `flightCompany_id`, `from_id`, `to_id`) VALUES (91, '1994-07-29 04:17:23', '3', 15, 248, 155);
INSERT INTO flight (`id`, `departureDateTime`, `duration`, `flightCompany_id`, `from_id`, `to_id`) VALUES (92, '1931-08-28 12:47:06', '4', 16, 198, 45);
INSERT INTO flight (`id`, `departureDateTime`, `duration`, `flightCompany_id`, `from_id`, `to_id`) VALUES (93, '1930-08-19 09:28:28', '7', 2, 215, 6);
INSERT INTO flight (`id`, `departureDateTime`, `duration`, `flightCompany_id`, `from_id`, `to_id`) VALUES (94, '2001-11-02 02:20:58', '3', 11, 123, 134);
INSERT INTO flight (`id`, `departureDateTime`, `duration`, `flightCompany_id`, `from_id`, `to_id`) VALUES (95, '1985-04-06 07:03:15', '5', 7, 193, 168);
INSERT INTO flight (`id`, `departureDateTime`, `duration`, `flightCompany_id`, `from_id`, `to_id`) VALUES (96, '2014-12-04 09:03:18', '3', 12, 35, 211);
INSERT INTO flight (`id`, `departureDateTime`, `duration`, `flightCompany_id`, `from_id`, `to_id`) VALUES (97, '2003-08-22 06:04:16', '4', 11, 136, 45);
INSERT INTO flight (`id`, `departureDateTime`, `duration`, `flightCompany_id`, `from_id`, `to_id`) VALUES (98, '2012-07-15 06:15:38', '1', 1, 45, 161);
INSERT INTO flight (`id`, `departureDateTime`, `duration`, `flightCompany_id`, `from_id`, `to_id`) VALUES (99, '1962-12-01 03:06:08', '9', 12, 158, 206);
INSERT INTO flight (`id`, `departureDateTime`, `duration`, `flightCompany_id`, `from_id`, `to_id`) VALUES (100, '1929-09-18 23:58:18', '5', 15, 201, 179);
INSERT INTO flight (`id`, `departureDateTime`, `duration`, `flightCompany_id`, `from_id`, `to_id`) VALUES (101, '1994-02-23 11:12:33', '9', 9, 49, 15);
INSERT INTO flight (`id`, `departureDateTime`, `duration`, `flightCompany_id`, `from_id`, `to_id`) VALUES (102, '2012-01-21 22:38:23', '4', 1, 37, 252);
INSERT INTO flight (`id`, `departureDateTime`, `duration`, `flightCompany_id`, `from_id`, `to_id`) VALUES (103, '2016-04-09 11:30:47', '3', 14, 241, 40);
INSERT INTO flight (`id`, `departureDateTime`, `duration`, `flightCompany_id`, `from_id`, `to_id`) VALUES (104, '1939-10-19 20:58:54', '8', 7, 110, 144);
INSERT INTO flight (`id`, `departureDateTime`, `duration`, `flightCompany_id`, `from_id`, `to_id`) VALUES (105, '2002-02-15 22:28:57', '8', 14, 45, 39);
INSERT INTO flight (`id`, `departureDateTime`, `duration`, `flightCompany_id`, `from_id`, `to_id`) VALUES (106, '1922-08-30 10:26:07', '7', 7, 156, 109);
INSERT INTO flight (`id`, `departureDateTime`, `duration`, `flightCompany_id`, `from_id`, `to_id`) VALUES (107, '2004-01-06 08:17:23', '5', 11, 227, 140);
INSERT INTO flight (`id`, `departureDateTime`, `duration`, `flightCompany_id`, `from_id`, `to_id`) VALUES (108, '1920-10-26 08:06:47', '4', 5, 227, 227);
INSERT INTO flight (`id`, `departureDateTime`, `duration`, `flightCompany_id`, `from_id`, `to_id`) VALUES (109, '1996-10-03 10:54:52', '3', 11, 164, 85);
INSERT INTO flight (`id`, `departureDateTime`, `duration`, `flightCompany_id`, `from_id`, `to_id`) VALUES (110, '1947-06-10 13:36:07', '4', 5, 23, 9);
INSERT INTO flight (`id`, `departureDateTime`, `duration`, `flightCompany_id`, `from_id`, `to_id`) VALUES (111, '1949-05-21 17:21:06', '3', 4, 21, 56);
INSERT INTO flight (`id`, `departureDateTime`, `duration`, `flightCompany_id`, `from_id`, `to_id`) VALUES (112, '2005-03-13 16:31:31', '2', 17, 81, 85);
INSERT INTO flight (`id`, `departureDateTime`, `duration`, `flightCompany_id`, `from_id`, `to_id`) VALUES (113, '1959-01-13 12:45:14', '8', 7, 77, 162);
INSERT INTO flight (`id`, `departureDateTime`, `duration`, `flightCompany_id`, `from_id`, `to_id`) VALUES (114, '2017-09-23 11:37:24', '7', 13, 18, 130);
INSERT INTO flight (`id`, `departureDateTime`, `duration`, `flightCompany_id`, `from_id`, `to_id`) VALUES (115, '2006-09-19 03:17:08', '4', 14, 188, 187);
INSERT INTO flight (`id`, `departureDateTime`, `duration`, `flightCompany_id`, `from_id`, `to_id`) VALUES (116, '1972-04-21 14:23:07', '2', 17, 224, 147);
INSERT INTO flight (`id`, `departureDateTime`, `duration`, `flightCompany_id`, `from_id`, `to_id`) VALUES (117, '1951-05-02 00:37:06', '7', 8, 3, 171);
INSERT INTO flight (`id`, `departureDateTime`, `duration`, `flightCompany_id`, `from_id`, `to_id`) VALUES (118, '2006-01-05 08:18:57', '8', 10, 127, 5);
INSERT INTO flight (`id`, `departureDateTime`, `duration`, `flightCompany_id`, `from_id`, `to_id`) VALUES (119, '1984-08-26 15:16:58', '7', 5, 100, 98);
INSERT INTO flight (`id`, `departureDateTime`, `duration`, `flightCompany_id`, `from_id`, `to_id`) VALUES (120, '1959-06-17 16:12:00', '9', 13, 151, 131);
INSERT INTO flight (`id`, `departureDateTime`, `duration`, `flightCompany_id`, `from_id`, `to_id`) VALUES (121, '1998-03-06 15:14:03', '2', 6, 58, 71);
INSERT INTO flight (`id`, `departureDateTime`, `duration`, `flightCompany_id`, `from_id`, `to_id`) VALUES (122, '1982-01-05 07:07:43', '1', 19, 61, 126);
INSERT INTO flight (`id`, `departureDateTime`, `duration`, `flightCompany_id`, `from_id`, `to_id`) VALUES (123, '1974-01-11 21:13:05', '2', 7, 92, 196);
INSERT INTO flight (`id`, `departureDateTime`, `duration`, `flightCompany_id`, `from_id`, `to_id`) VALUES (124, '1922-01-11 20:02:08', '6', 12, 54, 93);
INSERT INTO flight (`id`, `departureDateTime`, `duration`, `flightCompany_id`, `from_id`, `to_id`) VALUES (125, '1981-01-12 12:42:39', '1', 4, 112, 53);
INSERT INTO flight (`id`, `departureDateTime`, `duration`, `flightCompany_id`, `from_id`, `to_id`) VALUES (126, '1945-12-29 09:19:28', '8', 10, 66, 177);
INSERT INTO flight (`id`, `departureDateTime`, `duration`, `flightCompany_id`, `from_id`, `to_id`) VALUES (127, '1978-07-24 08:43:46', '8', 1, 176, 23);
INSERT INTO flight (`id`, `departureDateTime`, `duration`, `flightCompany_id`, `from_id`, `to_id`) VALUES (128, '1922-02-01 03:57:31', '1', 8, 95, 226);
INSERT INTO flight (`id`, `departureDateTime`, `duration`, `flightCompany_id`, `from_id`, `to_id`) VALUES (129, '1991-01-13 05:31:06', '7', 10, 197, 75);
INSERT INTO flight (`id`, `departureDateTime`, `duration`, `flightCompany_id`, `from_id`, `to_id`) VALUES (130, '2009-07-13 18:15:56', '8', 19, 23, 95);
INSERT INTO flight (`id`, `departureDateTime`, `duration`, `flightCompany_id`, `from_id`, `to_id`) VALUES (131, '1961-08-11 02:18:51', '4', 10, 35, 200);
INSERT INTO flight (`id`, `departureDateTime`, `duration`, `flightCompany_id`, `from_id`, `to_id`) VALUES (132, '1920-12-01 21:46:50', '6', 12, 55, 35);
INSERT INTO flight (`id`, `departureDateTime`, `duration`, `flightCompany_id`, `from_id`, `to_id`) VALUES (133, '1999-10-16 07:06:35', '5', 4, 19, 175);
INSERT INTO flight (`id`, `departureDateTime`, `duration`, `flightCompany_id`, `from_id`, `to_id`) VALUES (134, '1956-09-13 00:23:31', '9', 20, 162, 230);
INSERT INTO flight (`id`, `departureDateTime`, `duration`, `flightCompany_id`, `from_id`, `to_id`) VALUES (135, '1938-10-22 00:10:44', '2', 7, 2, 117);
INSERT INTO flight (`id`, `departureDateTime`, `duration`, `flightCompany_id`, `from_id`, `to_id`) VALUES (136, '1957-01-14 10:37:54', '8', 18, 254, 12);
INSERT INTO flight (`id`, `departureDateTime`, `duration`, `flightCompany_id`, `from_id`, `to_id`) VALUES (137, '1971-12-18 05:44:08', '5', 19, 184, 85);
INSERT INTO flight (`id`, `departureDateTime`, `duration`, `flightCompany_id`, `from_id`, `to_id`) VALUES (138, '1966-05-25 07:35:17', '1', 1, 245, 166);
INSERT INTO flight (`id`, `departureDateTime`, `duration`, `flightCompany_id`, `from_id`, `to_id`) VALUES (139, '1960-01-05 07:38:40', '9', 9, 258, 170);
INSERT INTO flight (`id`, `departureDateTime`, `duration`, `flightCompany_id`, `from_id`, `to_id`) VALUES (140, '1981-08-08 00:42:38', '1', 13, 19, 122);
INSERT INTO flight (`id`, `departureDateTime`, `duration`, `flightCompany_id`, `from_id`, `to_id`) VALUES (141, '2000-07-31 06:20:31', '3', 17, 180, 72);
INSERT INTO flight (`id`, `departureDateTime`, `duration`, `flightCompany_id`, `from_id`, `to_id`) VALUES (142, '1925-02-08 14:14:45', '9', 5, 121, 62);
INSERT INTO flight (`id`, `departureDateTime`, `duration`, `flightCompany_id`, `from_id`, `to_id`) VALUES (143, '1974-03-22 03:30:00', '8', 14, 247, 126);
INSERT INTO flight (`id`, `departureDateTime`, `duration`, `flightCompany_id`, `from_id`, `to_id`) VALUES (144, '1982-05-22 00:46:10', '1', 8, 141, 208);
INSERT INTO flight (`id`, `departureDateTime`, `duration`, `flightCompany_id`, `from_id`, `to_id`) VALUES (145, '1960-01-23 22:24:07', '1', 1, 188, 217);
INSERT INTO flight (`id`, `departureDateTime`, `duration`, `flightCompany_id`, `from_id`, `to_id`) VALUES (146, '1984-09-19 03:31:18', '3', 5, 159, 75);
INSERT INTO flight (`id`, `departureDateTime`, `duration`, `flightCompany_id`, `from_id`, `to_id`) VALUES (147, '1984-10-17 12:09:59', '2', 18, 203, 84);
INSERT INTO flight (`id`, `departureDateTime`, `duration`, `flightCompany_id`, `from_id`, `to_id`) VALUES (148, '1955-03-30 13:00:26', '1', 6, 42, 2);
INSERT INTO flight (`id`, `departureDateTime`, `duration`, `flightCompany_id`, `from_id`, `to_id`) VALUES (149, '2008-05-28 06:48:31', '9', 18, 30, 138);
INSERT INTO flight (`id`, `departureDateTime`, `duration`, `flightCompany_id`, `from_id`, `to_id`) VALUES (150, '2018-06-19 06:01:26', '7', 20, 253, 241);
INSERT INTO flight (`id`, `departureDateTime`, `duration`, `flightCompany_id`, `from_id`, `to_id`) VALUES (151, '1982-03-19 23:17:40', '4', 4, 204, 8);
INSERT INTO flight (`id`, `departureDateTime`, `duration`, `flightCompany_id`, `from_id`, `to_id`) VALUES (152, '1955-04-07 10:18:09', '6', 16, 195, 121);
INSERT INTO flight (`id`, `departureDateTime`, `duration`, `flightCompany_id`, `from_id`, `to_id`) VALUES (153, '1996-08-18 10:17:39', '8', 15, 28, 126);
INSERT INTO flight (`id`, `departureDateTime`, `duration`, `flightCompany_id`, `from_id`, `to_id`) VALUES (154, '1932-04-24 03:47:17', '9', 7, 140, 13);
INSERT INTO flight (`id`, `departureDateTime`, `duration`, `flightCompany_id`, `from_id`, `to_id`) VALUES (155, '1967-07-24 22:49:54', '8', 4, 182, 19);
INSERT INTO flight (`id`, `departureDateTime`, `duration`, `flightCompany_id`, `from_id`, `to_id`) VALUES (156, '2003-03-01 21:31:47', '4', 10, 110, 121);
INSERT INTO flight (`id`, `departureDateTime`, `duration`, `flightCompany_id`, `from_id`, `to_id`) VALUES (157, '1986-11-15 08:39:02', '4', 14, 25, 229);
INSERT INTO flight (`id`, `departureDateTime`, `duration`, `flightCompany_id`, `from_id`, `to_id`) VALUES (158, '2017-06-02 07:00:50', '2', 17, 252, 6);
INSERT INTO flight (`id`, `departureDateTime`, `duration`, `flightCompany_id`, `from_id`, `to_id`) VALUES (159, '2003-09-27 08:19:27', '5', 6, 200, 120);
INSERT INTO flight (`id`, `departureDateTime`, `duration`, `flightCompany_id`, `from_id`, `to_id`) VALUES (160, '1944-02-27 13:36:39', '8', 10, 66, 144);


#
# TABLE STRUCTURE FOR: flight_seat
#


INSERT INTO flight_seat (`Flight_id`, `seats_id`) VALUES (1, 115);
INSERT INTO flight_seat (`Flight_id`, `seats_id`) VALUES (1, 314);
INSERT INTO flight_seat (`Flight_id`, `seats_id`) VALUES (1, 330);
INSERT INTO flight_seat (`Flight_id`, `seats_id`) VALUES (1, 444);
INSERT INTO flight_seat (`Flight_id`, `seats_id`) VALUES (1, 656);
INSERT INTO flight_seat (`Flight_id`, `seats_id`) VALUES (1, 659);
INSERT INTO flight_seat (`Flight_id`, `seats_id`) VALUES (1, 762);
INSERT INTO flight_seat (`Flight_id`, `seats_id`) VALUES (1, 972);
INSERT INTO flight_seat (`Flight_id`, `seats_id`) VALUES (1, 1066);
INSERT INTO flight_seat (`Flight_id`, `seats_id`) VALUES (1, 1119);
INSERT INTO flight_seat (`Flight_id`, `seats_id`) VALUES (2, 188);
INSERT INTO flight_seat (`Flight_id`, `seats_id`) VALUES (2, 264);
INSERT INTO flight_seat (`Flight_id`, `seats_id`) VALUES (3, 400);
INSERT INTO flight_seat (`Flight_id`, `seats_id`) VALUES (3, 481);
INSERT INTO flight_seat (`Flight_id`, `seats_id`) VALUES (3, 691);
INSERT INTO flight_seat (`Flight_id`, `seats_id`) VALUES (3, 1050);
INSERT INTO flight_seat (`Flight_id`, `seats_id`) VALUES (3, 1127);
INSERT INTO flight_seat (`Flight_id`, `seats_id`) VALUES (4, 665);
INSERT INTO flight_seat (`Flight_id`, `seats_id`) VALUES (4, 1091);
INSERT INTO flight_seat (`Flight_id`, `seats_id`) VALUES (4, 1218);
INSERT INTO flight_seat (`Flight_id`, `seats_id`) VALUES (5, 80);
INSERT INTO flight_seat (`Flight_id`, `seats_id`) VALUES (5, 1204);
INSERT INTO flight_seat (`Flight_id`, `seats_id`) VALUES (5, 1254);
INSERT INTO flight_seat (`Flight_id`, `seats_id`) VALUES (6, 319);
INSERT INTO flight_seat (`Flight_id`, `seats_id`) VALUES (6, 557);
INSERT INTO flight_seat (`Flight_id`, `seats_id`) VALUES (6, 922);
INSERT INTO flight_seat (`Flight_id`, `seats_id`) VALUES (7, 212);
INSERT INTO flight_seat (`Flight_id`, `seats_id`) VALUES (7, 268);
INSERT INTO flight_seat (`Flight_id`, `seats_id`) VALUES (7, 317);
INSERT INTO flight_seat (`Flight_id`, `seats_id`) VALUES (7, 788);
INSERT INTO flight_seat (`Flight_id`, `seats_id`) VALUES (7, 814);
INSERT INTO flight_seat (`Flight_id`, `seats_id`) VALUES (7, 1039);
INSERT INTO flight_seat (`Flight_id`, `seats_id`) VALUES (8, 119);
INSERT INTO flight_seat (`Flight_id`, `seats_id`) VALUES (8, 135);
INSERT INTO flight_seat (`Flight_id`, `seats_id`) VALUES (8, 514);
INSERT INTO flight_seat (`Flight_id`, `seats_id`) VALUES (8, 687);
INSERT INTO flight_seat (`Flight_id`, `seats_id`) VALUES (8, 834);
INSERT INTO flight_seat (`Flight_id`, `seats_id`) VALUES (8, 911);
INSERT INTO flight_seat (`Flight_id`, `seats_id`) VALUES (8, 913);
INSERT INTO flight_seat (`Flight_id`, `seats_id`) VALUES (8, 1240);
INSERT INTO flight_seat (`Flight_id`, `seats_id`) VALUES (9, 245);
INSERT INTO flight_seat (`Flight_id`, `seats_id`) VALUES (9, 335);
INSERT INTO flight_seat (`Flight_id`, `seats_id`) VALUES (9, 404);
INSERT INTO flight_seat (`Flight_id`, `seats_id`) VALUES (9, 631);
INSERT INTO flight_seat (`Flight_id`, `seats_id`) VALUES (9, 743);
INSERT INTO flight_seat (`Flight_id`, `seats_id`) VALUES (9, 925);
INSERT INTO flight_seat (`Flight_id`, `seats_id`) VALUES (9, 1194);
INSERT INTO flight_seat (`Flight_id`, `seats_id`) VALUES (10, 219);
INSERT INTO flight_seat (`Flight_id`, `seats_id`) VALUES (10, 344);
INSERT INTO flight_seat (`Flight_id`, `seats_id`) VALUES (10, 864);
INSERT INTO flight_seat (`Flight_id`, `seats_id`) VALUES (10, 893);
INSERT INTO flight_seat (`Flight_id`, `seats_id`) VALUES (10, 1011);
INSERT INTO flight_seat (`Flight_id`, `seats_id`) VALUES (10, 1148);
INSERT INTO flight_seat (`Flight_id`, `seats_id`) VALUES (11, 41);
INSERT INTO flight_seat (`Flight_id`, `seats_id`) VALUES (11, 67);
INSERT INTO flight_seat (`Flight_id`, `seats_id`) VALUES (11, 266);
INSERT INTO flight_seat (`Flight_id`, `seats_id`) VALUES (11, 998);
INSERT INTO flight_seat (`Flight_id`, `seats_id`) VALUES (12, 190);
INSERT INTO flight_seat (`Flight_id`, `seats_id`) VALUES (12, 618);
INSERT INTO flight_seat (`Flight_id`, `seats_id`) VALUES (12, 711);
INSERT INTO flight_seat (`Flight_id`, `seats_id`) VALUES (12, 728);
INSERT INTO flight_seat (`Flight_id`, `seats_id`) VALUES (12, 1044);
INSERT INTO flight_seat (`Flight_id`, `seats_id`) VALUES (13, 86);
INSERT INTO flight_seat (`Flight_id`, `seats_id`) VALUES (13, 241);
INSERT INTO flight_seat (`Flight_id`, `seats_id`) VALUES (13, 429);
INSERT INTO flight_seat (`Flight_id`, `seats_id`) VALUES (13, 1105);
INSERT INTO flight_seat (`Flight_id`, `seats_id`) VALUES (13, 1171);
INSERT INTO flight_seat (`Flight_id`, `seats_id`) VALUES (13, 1245);
INSERT INTO flight_seat (`Flight_id`, `seats_id`) VALUES (14, 22);
INSERT INTO flight_seat (`Flight_id`, `seats_id`) VALUES (14, 136);
INSERT INTO flight_seat (`Flight_id`, `seats_id`) VALUES (14, 181);
INSERT INTO flight_seat (`Flight_id`, `seats_id`) VALUES (14, 256);
INSERT INTO flight_seat (`Flight_id`, `seats_id`) VALUES (14, 433);
INSERT INTO flight_seat (`Flight_id`, `seats_id`) VALUES (14, 563);
INSERT INTO flight_seat (`Flight_id`, `seats_id`) VALUES (14, 1036);
INSERT INTO flight_seat (`Flight_id`, `seats_id`) VALUES (15, 55);
INSERT INTO flight_seat (`Flight_id`, `seats_id`) VALUES (15, 351);
INSERT INTO flight_seat (`Flight_id`, `seats_id`) VALUES (15, 543);
INSERT INTO flight_seat (`Flight_id`, `seats_id`) VALUES (15, 561);
INSERT INTO flight_seat (`Flight_id`, `seats_id`) VALUES (15, 606);
INSERT INTO flight_seat (`Flight_id`, `seats_id`) VALUES (16, 54);
INSERT INTO flight_seat (`Flight_id`, `seats_id`) VALUES (16, 79);
INSERT INTO flight_seat (`Flight_id`, `seats_id`) VALUES (16, 472);
INSERT INTO flight_seat (`Flight_id`, `seats_id`) VALUES (16, 502);
INSERT INTO flight_seat (`Flight_id`, `seats_id`) VALUES (16, 732);
INSERT INTO flight_seat (`Flight_id`, `seats_id`) VALUES (16, 1068);
INSERT INTO flight_seat (`Flight_id`, `seats_id`) VALUES (16, 1188);
INSERT INTO flight_seat (`Flight_id`, `seats_id`) VALUES (17, 124);
INSERT INTO flight_seat (`Flight_id`, `seats_id`) VALUES (17, 426);
INSERT INTO flight_seat (`Flight_id`, `seats_id`) VALUES (17, 478);
INSERT INTO flight_seat (`Flight_id`, `seats_id`) VALUES (17, 752);
INSERT INTO flight_seat (`Flight_id`, `seats_id`) VALUES (17, 935);
INSERT INTO flight_seat (`Flight_id`, `seats_id`) VALUES (17, 1225);
INSERT INTO flight_seat (`Flight_id`, `seats_id`) VALUES (18, 58);
INSERT INTO flight_seat (`Flight_id`, `seats_id`) VALUES (18, 373);
INSERT INTO flight_seat (`Flight_id`, `seats_id`) VALUES (18, 1004);
INSERT INTO flight_seat (`Flight_id`, `seats_id`) VALUES (19, 267);
INSERT INTO flight_seat (`Flight_id`, `seats_id`) VALUES (19, 409);
INSERT INTO flight_seat (`Flight_id`, `seats_id`) VALUES (19, 798);
INSERT INTO flight_seat (`Flight_id`, `seats_id`) VALUES (19, 1088);
INSERT INTO flight_seat (`Flight_id`, `seats_id`) VALUES (20, 209);
INSERT INTO flight_seat (`Flight_id`, `seats_id`) VALUES (20, 564);
INSERT INTO flight_seat (`Flight_id`, `seats_id`) VALUES (20, 1222);
INSERT INTO flight_seat (`Flight_id`, `seats_id`) VALUES (21, 229);
INSERT INTO flight_seat (`Flight_id`, `seats_id`) VALUES (21, 315);
INSERT INTO flight_seat (`Flight_id`, `seats_id`) VALUES (21, 460);
INSERT INTO flight_seat (`Flight_id`, `seats_id`) VALUES (21, 920);
INSERT INTO flight_seat (`Flight_id`, `seats_id`) VALUES (22, 88);
INSERT INTO flight_seat (`Flight_id`, `seats_id`) VALUES (22, 609);
INSERT INTO flight_seat (`Flight_id`, `seats_id`) VALUES (22, 1096);
INSERT INTO flight_seat (`Flight_id`, `seats_id`) VALUES (23, 138);
INSERT INTO flight_seat (`Flight_id`, `seats_id`) VALUES (23, 169);
INSERT INTO flight_seat (`Flight_id`, `seats_id`) VALUES (23, 369);
INSERT INTO flight_seat (`Flight_id`, `seats_id`) VALUES (23, 545);
INSERT INTO flight_seat (`Flight_id`, `seats_id`) VALUES (23, 662);
INSERT INTO flight_seat (`Flight_id`, `seats_id`) VALUES (23, 923);
INSERT INTO flight_seat (`Flight_id`, `seats_id`) VALUES (24, 34);
INSERT INTO flight_seat (`Flight_id`, `seats_id`) VALUES (24, 521);
INSERT INTO flight_seat (`Flight_id`, `seats_id`) VALUES (24, 754);
INSERT INTO flight_seat (`Flight_id`, `seats_id`) VALUES (24, 908);
INSERT INTO flight_seat (`Flight_id`, `seats_id`) VALUES (24, 1008);
INSERT INTO flight_seat (`Flight_id`, `seats_id`) VALUES (25, 467);
INSERT INTO flight_seat (`Flight_id`, `seats_id`) VALUES (25, 574);
INSERT INTO flight_seat (`Flight_id`, `seats_id`) VALUES (25, 1122);
INSERT INTO flight_seat (`Flight_id`, `seats_id`) VALUES (26, 68);
INSERT INTO flight_seat (`Flight_id`, `seats_id`) VALUES (26, 70);
INSERT INTO flight_seat (`Flight_id`, `seats_id`) VALUES (26, 197);
INSERT INTO flight_seat (`Flight_id`, `seats_id`) VALUES (26, 320);
INSERT INTO flight_seat (`Flight_id`, `seats_id`) VALUES (26, 804);
INSERT INTO flight_seat (`Flight_id`, `seats_id`) VALUES (27, 47);
INSERT INTO flight_seat (`Flight_id`, `seats_id`) VALUES (27, 338);
INSERT INTO flight_seat (`Flight_id`, `seats_id`) VALUES (27, 367);
INSERT INTO flight_seat (`Flight_id`, `seats_id`) VALUES (27, 956);
INSERT INTO flight_seat (`Flight_id`, `seats_id`) VALUES (28, 349);
INSERT INTO flight_seat (`Flight_id`, `seats_id`) VALUES (28, 936);
INSERT INTO flight_seat (`Flight_id`, `seats_id`) VALUES (29, 230);
INSERT INTO flight_seat (`Flight_id`, `seats_id`) VALUES (29, 739);
INSERT INTO flight_seat (`Flight_id`, `seats_id`) VALUES (29, 1247);
INSERT INTO flight_seat (`Flight_id`, `seats_id`) VALUES (30, 657);
INSERT INTO flight_seat (`Flight_id`, `seats_id`) VALUES (30, 768);
INSERT INTO flight_seat (`Flight_id`, `seats_id`) VALUES (30, 802);
INSERT INTO flight_seat (`Flight_id`, `seats_id`) VALUES (30, 991);
INSERT INTO flight_seat (`Flight_id`, `seats_id`) VALUES (30, 1070);
INSERT INTO flight_seat (`Flight_id`, `seats_id`) VALUES (30, 1149);
INSERT INTO flight_seat (`Flight_id`, `seats_id`) VALUES (31, 470);
INSERT INTO flight_seat (`Flight_id`, `seats_id`) VALUES (31, 515);
INSERT INTO flight_seat (`Flight_id`, `seats_id`) VALUES (31, 1045);
INSERT INTO flight_seat (`Flight_id`, `seats_id`) VALUES (32, 425);
INSERT INTO flight_seat (`Flight_id`, `seats_id`) VALUES (32, 463);
INSERT INTO flight_seat (`Flight_id`, `seats_id`) VALUES (32, 915);
INSERT INTO flight_seat (`Flight_id`, `seats_id`) VALUES (32, 1083);
INSERT INTO flight_seat (`Flight_id`, `seats_id`) VALUES (32, 1115);
INSERT INTO flight_seat (`Flight_id`, `seats_id`) VALUES (32, 1173);
INSERT INTO flight_seat (`Flight_id`, `seats_id`) VALUES (33, 235);
INSERT INTO flight_seat (`Flight_id`, `seats_id`) VALUES (33, 354);
INSERT INTO flight_seat (`Flight_id`, `seats_id`) VALUES (33, 653);
INSERT INTO flight_seat (`Flight_id`, `seats_id`) VALUES (33, 767);
INSERT INTO flight_seat (`Flight_id`, `seats_id`) VALUES (34, 19);
INSERT INTO flight_seat (`Flight_id`, `seats_id`) VALUES (34, 75);
INSERT INTO flight_seat (`Flight_id`, `seats_id`) VALUES (34, 139);
INSERT INTO flight_seat (`Flight_id`, `seats_id`) VALUES (34, 167);
INSERT INTO flight_seat (`Flight_id`, `seats_id`) VALUES (34, 312);
INSERT INTO flight_seat (`Flight_id`, `seats_id`) VALUES (34, 398);
INSERT INTO flight_seat (`Flight_id`, `seats_id`) VALUES (34, 763);
INSERT INTO flight_seat (`Flight_id`, `seats_id`) VALUES (34, 824);
INSERT INTO flight_seat (`Flight_id`, `seats_id`) VALUES (34, 960);
INSERT INTO flight_seat (`Flight_id`, `seats_id`) VALUES (35, 76);
INSERT INTO flight_seat (`Flight_id`, `seats_id`) VALUES (35, 476);
INSERT INTO flight_seat (`Flight_id`, `seats_id`) VALUES (35, 747);
INSERT INTO flight_seat (`Flight_id`, `seats_id`) VALUES (35, 823);
INSERT INTO flight_seat (`Flight_id`, `seats_id`) VALUES (35, 841);
INSERT INTO flight_seat (`Flight_id`, `seats_id`) VALUES (35, 894);
INSERT INTO flight_seat (`Flight_id`, `seats_id`) VALUES (35, 989);
INSERT INTO flight_seat (`Flight_id`, `seats_id`) VALUES (36, 105);
INSERT INTO flight_seat (`Flight_id`, `seats_id`) VALUES (36, 289);
INSERT INTO flight_seat (`Flight_id`, `seats_id`) VALUES (36, 466);
INSERT INTO flight_seat (`Flight_id`, `seats_id`) VALUES (36, 651);
INSERT INTO flight_seat (`Flight_id`, `seats_id`) VALUES (37, 11);
INSERT INTO flight_seat (`Flight_id`, `seats_id`) VALUES (37, 217);
INSERT INTO flight_seat (`Flight_id`, `seats_id`) VALUES (37, 616);
INSERT INTO flight_seat (`Flight_id`, `seats_id`) VALUES (37, 706);
INSERT INTO flight_seat (`Flight_id`, `seats_id`) VALUES (38, 388);
INSERT INTO flight_seat (`Flight_id`, `seats_id`) VALUES (38, 518);
INSERT INTO flight_seat (`Flight_id`, `seats_id`) VALUES (38, 605);
INSERT INTO flight_seat (`Flight_id`, `seats_id`) VALUES (38, 679);
INSERT INTO flight_seat (`Flight_id`, `seats_id`) VALUES (38, 910);
INSERT INTO flight_seat (`Flight_id`, `seats_id`) VALUES (39, 327);
INSERT INTO flight_seat (`Flight_id`, `seats_id`) VALUES (39, 452);
INSERT INTO flight_seat (`Flight_id`, `seats_id`) VALUES (39, 477);
INSERT INTO flight_seat (`Flight_id`, `seats_id`) VALUES (39, 630);
INSERT INTO flight_seat (`Flight_id`, `seats_id`) VALUES (39, 950);
INSERT INTO flight_seat (`Flight_id`, `seats_id`) VALUES (40, 279);
INSERT INTO flight_seat (`Flight_id`, `seats_id`) VALUES (40, 654);
INSERT INTO flight_seat (`Flight_id`, `seats_id`) VALUES (41, 432);
INSERT INTO flight_seat (`Flight_id`, `seats_id`) VALUES (41, 531);
INSERT INTO flight_seat (`Flight_id`, `seats_id`) VALUES (41, 940);
INSERT INTO flight_seat (`Flight_id`, `seats_id`) VALUES (41, 1005);
INSERT INTO flight_seat (`Flight_id`, `seats_id`) VALUES (41, 1236);
INSERT INTO flight_seat (`Flight_id`, `seats_id`) VALUES (42, 790);
INSERT INTO flight_seat (`Flight_id`, `seats_id`) VALUES (42, 1072);
INSERT INTO flight_seat (`Flight_id`, `seats_id`) VALUES (42, 1118);
INSERT INTO flight_seat (`Flight_id`, `seats_id`) VALUES (42, 1147);
INSERT INTO flight_seat (`Flight_id`, `seats_id`) VALUES (43, 614);
INSERT INTO flight_seat (`Flight_id`, `seats_id`) VALUES (43, 959);
INSERT INTO flight_seat (`Flight_id`, `seats_id`) VALUES (43, 1093);
INSERT INTO flight_seat (`Flight_id`, `seats_id`) VALUES (43, 1095);
INSERT INTO flight_seat (`Flight_id`, `seats_id`) VALUES (44, 187);
INSERT INTO flight_seat (`Flight_id`, `seats_id`) VALUES (44, 375);
INSERT INTO flight_seat (`Flight_id`, `seats_id`) VALUES (44, 402);
INSERT INTO flight_seat (`Flight_id`, `seats_id`) VALUES (44, 415);
INSERT INTO flight_seat (`Flight_id`, `seats_id`) VALUES (44, 673);
INSERT INTO flight_seat (`Flight_id`, `seats_id`) VALUES (44, 1237);
INSERT INTO flight_seat (`Flight_id`, `seats_id`) VALUES (45, 189);
INSERT INTO flight_seat (`Flight_id`, `seats_id`) VALUES (45, 595);
INSERT INTO flight_seat (`Flight_id`, `seats_id`) VALUES (45, 603);
INSERT INTO flight_seat (`Flight_id`, `seats_id`) VALUES (45, 859);
INSERT INTO flight_seat (`Flight_id`, `seats_id`) VALUES (46, 880);
INSERT INTO flight_seat (`Flight_id`, `seats_id`) VALUES (46, 1169);
INSERT INTO flight_seat (`Flight_id`, `seats_id`) VALUES (47, 193);
INSERT INTO flight_seat (`Flight_id`, `seats_id`) VALUES (47, 462);
INSERT INTO flight_seat (`Flight_id`, `seats_id`) VALUES (47, 831);
INSERT INTO flight_seat (`Flight_id`, `seats_id`) VALUES (47, 941);
INSERT INTO flight_seat (`Flight_id`, `seats_id`) VALUES (47, 1003);
INSERT INTO flight_seat (`Flight_id`, `seats_id`) VALUES (47, 1076);
INSERT INTO flight_seat (`Flight_id`, `seats_id`) VALUES (47, 1206);
INSERT INTO flight_seat (`Flight_id`, `seats_id`) VALUES (47, 1223);
INSERT INTO flight_seat (`Flight_id`, `seats_id`) VALUES (49, 129);
INSERT INTO flight_seat (`Flight_id`, `seats_id`) VALUES (49, 713);
INSERT INTO flight_seat (`Flight_id`, `seats_id`) VALUES (49, 860);
INSERT INTO flight_seat (`Flight_id`, `seats_id`) VALUES (49, 903);
INSERT INTO flight_seat (`Flight_id`, `seats_id`) VALUES (50, 131);
INSERT INTO flight_seat (`Flight_id`, `seats_id`) VALUES (50, 195);
INSERT INTO flight_seat (`Flight_id`, `seats_id`) VALUES (50, 539);
INSERT INTO flight_seat (`Flight_id`, `seats_id`) VALUES (50, 628);
INSERT INTO flight_seat (`Flight_id`, `seats_id`) VALUES (50, 759);
INSERT INTO flight_seat (`Flight_id`, `seats_id`) VALUES (50, 879);
INSERT INTO flight_seat (`Flight_id`, `seats_id`) VALUES (51, 21);
INSERT INTO flight_seat (`Flight_id`, `seats_id`) VALUES (51, 92);
INSERT INTO flight_seat (`Flight_id`, `seats_id`) VALUES (51, 162);
INSERT INTO flight_seat (`Flight_id`, `seats_id`) VALUES (51, 298);
INSERT INTO flight_seat (`Flight_id`, `seats_id`) VALUES (51, 646);
INSERT INTO flight_seat (`Flight_id`, `seats_id`) VALUES (51, 681);
INSERT INTO flight_seat (`Flight_id`, `seats_id`) VALUES (51, 702);
INSERT INTO flight_seat (`Flight_id`, `seats_id`) VALUES (51, 862);
INSERT INTO flight_seat (`Flight_id`, `seats_id`) VALUES (51, 866);
INSERT INTO flight_seat (`Flight_id`, `seats_id`) VALUES (51, 1071);
INSERT INTO flight_seat (`Flight_id`, `seats_id`) VALUES (51, 1180);
INSERT INTO flight_seat (`Flight_id`, `seats_id`) VALUES (52, 108);
INSERT INTO flight_seat (`Flight_id`, `seats_id`) VALUES (52, 522);
INSERT INTO flight_seat (`Flight_id`, `seats_id`) VALUES (52, 704);
INSERT INTO flight_seat (`Flight_id`, `seats_id`) VALUES (52, 707);
INSERT INTO flight_seat (`Flight_id`, `seats_id`) VALUES (53, 56);
INSERT INTO flight_seat (`Flight_id`, `seats_id`) VALUES (53, 647);
INSERT INTO flight_seat (`Flight_id`, `seats_id`) VALUES (53, 1174);
INSERT INTO flight_seat (`Flight_id`, `seats_id`) VALUES (53, 1207);
INSERT INTO flight_seat (`Flight_id`, `seats_id`) VALUES (53, 1257);
INSERT INTO flight_seat (`Flight_id`, `seats_id`) VALUES (54, 51);
INSERT INTO flight_seat (`Flight_id`, `seats_id`) VALUES (54, 278);
INSERT INTO flight_seat (`Flight_id`, `seats_id`) VALUES (54, 501);
INSERT INTO flight_seat (`Flight_id`, `seats_id`) VALUES (54, 569);
INSERT INTO flight_seat (`Flight_id`, `seats_id`) VALUES (54, 1042);
INSERT INTO flight_seat (`Flight_id`, `seats_id`) VALUES (54, 1056);
INSERT INTO flight_seat (`Flight_id`, `seats_id`) VALUES (54, 1200);
INSERT INTO flight_seat (`Flight_id`, `seats_id`) VALUES (55, 155);
INSERT INTO flight_seat (`Flight_id`, `seats_id`) VALUES (55, 505);
INSERT INTO flight_seat (`Flight_id`, `seats_id`) VALUES (55, 579);
INSERT INTO flight_seat (`Flight_id`, `seats_id`) VALUES (55, 1099);
INSERT INTO flight_seat (`Flight_id`, `seats_id`) VALUES (55, 1159);
INSERT INTO flight_seat (`Flight_id`, `seats_id`) VALUES (56, 180);
INSERT INTO flight_seat (`Flight_id`, `seats_id`) VALUES (56, 379);
INSERT INTO flight_seat (`Flight_id`, `seats_id`) VALUES (56, 611);
INSERT INTO flight_seat (`Flight_id`, `seats_id`) VALUES (56, 784);
INSERT INTO flight_seat (`Flight_id`, `seats_id`) VALUES (56, 861);
INSERT INTO flight_seat (`Flight_id`, `seats_id`) VALUES (56, 917);
INSERT INTO flight_seat (`Flight_id`, `seats_id`) VALUES (56, 976);
INSERT INTO flight_seat (`Flight_id`, `seats_id`) VALUES (56, 1216);
INSERT INTO flight_seat (`Flight_id`, `seats_id`) VALUES (57, 6);
INSERT INTO flight_seat (`Flight_id`, `seats_id`) VALUES (57, 42);
INSERT INTO flight_seat (`Flight_id`, `seats_id`) VALUES (57, 441);
INSERT INTO flight_seat (`Flight_id`, `seats_id`) VALUES (57, 615);
INSERT INTO flight_seat (`Flight_id`, `seats_id`) VALUES (57, 636);
INSERT INTO flight_seat (`Flight_id`, `seats_id`) VALUES (57, 751);
INSERT INTO flight_seat (`Flight_id`, `seats_id`) VALUES (57, 1048);
INSERT INTO flight_seat (`Flight_id`, `seats_id`) VALUES (58, 445);
INSERT INTO flight_seat (`Flight_id`, `seats_id`) VALUES (58, 490);
INSERT INTO flight_seat (`Flight_id`, `seats_id`) VALUES (58, 724);
INSERT INTO flight_seat (`Flight_id`, `seats_id`) VALUES (58, 793);
INSERT INTO flight_seat (`Flight_id`, `seats_id`) VALUES (58, 1047);
INSERT INTO flight_seat (`Flight_id`, `seats_id`) VALUES (58, 1097);
INSERT INTO flight_seat (`Flight_id`, `seats_id`) VALUES (59, 57);
INSERT INTO flight_seat (`Flight_id`, `seats_id`) VALUES (59, 199);
INSERT INTO flight_seat (`Flight_id`, `seats_id`) VALUES (59, 326);
INSERT INTO flight_seat (`Flight_id`, `seats_id`) VALUES (59, 684);
INSERT INTO flight_seat (`Flight_id`, `seats_id`) VALUES (60, 428);
INSERT INTO flight_seat (`Flight_id`, `seats_id`) VALUES (60, 822);
INSERT INTO flight_seat (`Flight_id`, `seats_id`) VALUES (60, 909);
INSERT INTO flight_seat (`Flight_id`, `seats_id`) VALUES (60, 996);
INSERT INTO flight_seat (`Flight_id`, `seats_id`) VALUES (61, 435);
INSERT INTO flight_seat (`Flight_id`, `seats_id`) VALUES (61, 496);
INSERT INTO flight_seat (`Flight_id`, `seats_id`) VALUES (62, 585);
INSERT INTO flight_seat (`Flight_id`, `seats_id`) VALUES (62, 757);
INSERT INTO flight_seat (`Flight_id`, `seats_id`) VALUES (62, 760);
INSERT INTO flight_seat (`Flight_id`, `seats_id`) VALUES (63, 648);
INSERT INTO flight_seat (`Flight_id`, `seats_id`) VALUES (63, 980);
INSERT INTO flight_seat (`Flight_id`, `seats_id`) VALUES (63, 1064);
INSERT INTO flight_seat (`Flight_id`, `seats_id`) VALUES (63, 1110);
INSERT INTO flight_seat (`Flight_id`, `seats_id`) VALUES (64, 23);
INSERT INTO flight_seat (`Flight_id`, `seats_id`) VALUES (64, 33);
INSERT INTO flight_seat (`Flight_id`, `seats_id`) VALUES (64, 556);
INSERT INTO flight_seat (`Flight_id`, `seats_id`) VALUES (64, 626);
INSERT INTO flight_seat (`Flight_id`, `seats_id`) VALUES (65, 397);
INSERT INTO flight_seat (`Flight_id`, `seats_id`) VALUES (65, 639);
INSERT INTO flight_seat (`Flight_id`, `seats_id`) VALUES (65, 812);
INSERT INTO flight_seat (`Flight_id`, `seats_id`) VALUES (65, 1032);
INSERT INTO flight_seat (`Flight_id`, `seats_id`) VALUES (65, 1131);
INSERT INTO flight_seat (`Flight_id`, `seats_id`) VALUES (66, 120);
INSERT INTO flight_seat (`Flight_id`, `seats_id`) VALUES (66, 413);
INSERT INTO flight_seat (`Flight_id`, `seats_id`) VALUES (66, 709);
INSERT INTO flight_seat (`Flight_id`, `seats_id`) VALUES (66, 828);
INSERT INTO flight_seat (`Flight_id`, `seats_id`) VALUES (66, 1151);
INSERT INTO flight_seat (`Flight_id`, `seats_id`) VALUES (66, 1212);
INSERT INTO flight_seat (`Flight_id`, `seats_id`) VALUES (66, 1231);
INSERT INTO flight_seat (`Flight_id`, `seats_id`) VALUES (66, 1232);
INSERT INTO flight_seat (`Flight_id`, `seats_id`) VALUES (67, 261);
INSERT INTO flight_seat (`Flight_id`, `seats_id`) VALUES (67, 652);
INSERT INTO flight_seat (`Flight_id`, `seats_id`) VALUES (68, 683);
INSERT INTO flight_seat (`Flight_id`, `seats_id`) VALUES (68, 951);
INSERT INTO flight_seat (`Flight_id`, `seats_id`) VALUES (69, 143);
INSERT INTO flight_seat (`Flight_id`, `seats_id`) VALUES (69, 170);
INSERT INTO flight_seat (`Flight_id`, `seats_id`) VALUES (69, 290);
INSERT INTO flight_seat (`Flight_id`, `seats_id`) VALUES (69, 455);
INSERT INTO flight_seat (`Flight_id`, `seats_id`) VALUES (69, 764);
INSERT INTO flight_seat (`Flight_id`, `seats_id`) VALUES (69, 833);
INSERT INTO flight_seat (`Flight_id`, `seats_id`) VALUES (69, 1137);
INSERT INTO flight_seat (`Flight_id`, `seats_id`) VALUES (70, 325);
INSERT INTO flight_seat (`Flight_id`, `seats_id`) VALUES (70, 376);
INSERT INTO flight_seat (`Flight_id`, `seats_id`) VALUES (70, 811);
INSERT INTO flight_seat (`Flight_id`, `seats_id`) VALUES (70, 850);
INSERT INTO flight_seat (`Flight_id`, `seats_id`) VALUES (70, 919);
INSERT INTO flight_seat (`Flight_id`, `seats_id`) VALUES (72, 40);
INSERT INTO flight_seat (`Flight_id`, `seats_id`) VALUES (72, 48);
INSERT INTO flight_seat (`Flight_id`, `seats_id`) VALUES (72, 237);
INSERT INTO flight_seat (`Flight_id`, `seats_id`) VALUES (72, 591);
INSERT INTO flight_seat (`Flight_id`, `seats_id`) VALUES (72, 625);
INSERT INTO flight_seat (`Flight_id`, `seats_id`) VALUES (72, 977);
INSERT INTO flight_seat (`Flight_id`, `seats_id`) VALUES (73, 8);
INSERT INTO flight_seat (`Flight_id`, `seats_id`) VALUES (73, 26);
INSERT INTO flight_seat (`Flight_id`, `seats_id`) VALUES (73, 232);
INSERT INTO flight_seat (`Flight_id`, `seats_id`) VALUES (73, 582);
INSERT INTO flight_seat (`Flight_id`, `seats_id`) VALUES (73, 771);
INSERT INTO flight_seat (`Flight_id`, `seats_id`) VALUES (73, 826);
INSERT INTO flight_seat (`Flight_id`, `seats_id`) VALUES (74, 78);
INSERT INTO flight_seat (`Flight_id`, `seats_id`) VALUES (74, 142);
INSERT INTO flight_seat (`Flight_id`, `seats_id`) VALUES (74, 251);
INSERT INTO flight_seat (`Flight_id`, `seats_id`) VALUES (74, 255);
INSERT INTO flight_seat (`Flight_id`, `seats_id`) VALUES (74, 629);
INSERT INTO flight_seat (`Flight_id`, `seats_id`) VALUES (74, 889);
INSERT INTO flight_seat (`Flight_id`, `seats_id`) VALUES (74, 971);
INSERT INTO flight_seat (`Flight_id`, `seats_id`) VALUES (74, 1211);
INSERT INTO flight_seat (`Flight_id`, `seats_id`) VALUES (75, 225);
INSERT INTO flight_seat (`Flight_id`, `seats_id`) VALUES (75, 307);
INSERT INTO flight_seat (`Flight_id`, `seats_id`) VALUES (75, 845);
INSERT INTO flight_seat (`Flight_id`, `seats_id`) VALUES (75, 895);
INSERT INTO flight_seat (`Flight_id`, `seats_id`) VALUES (75, 1198);
INSERT INTO flight_seat (`Flight_id`, `seats_id`) VALUES (76, 355);
INSERT INTO flight_seat (`Flight_id`, `seats_id`) VALUES (76, 573);
INSERT INTO flight_seat (`Flight_id`, `seats_id`) VALUES (77, 97);
INSERT INTO flight_seat (`Flight_id`, `seats_id`) VALUES (77, 226);
INSERT INTO flight_seat (`Flight_id`, `seats_id`) VALUES (77, 434);
INSERT INTO flight_seat (`Flight_id`, `seats_id`) VALUES (77, 677);
INSERT INTO flight_seat (`Flight_id`, `seats_id`) VALUES (77, 758);
INSERT INTO flight_seat (`Flight_id`, `seats_id`) VALUES (78, 297);
INSERT INTO flight_seat (`Flight_id`, `seats_id`) VALUES (78, 464);
INSERT INTO flight_seat (`Flight_id`, `seats_id`) VALUES (78, 598);
INSERT INTO flight_seat (`Flight_id`, `seats_id`) VALUES (78, 737);
INSERT INTO flight_seat (`Flight_id`, `seats_id`) VALUES (78, 791);
INSERT INTO flight_seat (`Flight_id`, `seats_id`) VALUES (78, 898);
INSERT INTO flight_seat (`Flight_id`, `seats_id`) VALUES (78, 987);
INSERT INTO flight_seat (`Flight_id`, `seats_id`) VALUES (78, 1052);
INSERT INTO flight_seat (`Flight_id`, `seats_id`) VALUES (78, 1107);
INSERT INTO flight_seat (`Flight_id`, `seats_id`) VALUES (78, 1238);
INSERT INTO flight_seat (`Flight_id`, `seats_id`) VALUES (79, 98);
INSERT INTO flight_seat (`Flight_id`, `seats_id`) VALUES (79, 231);
INSERT INTO flight_seat (`Flight_id`, `seats_id`) VALUES (79, 538);
INSERT INTO flight_seat (`Flight_id`, `seats_id`) VALUES (79, 542);
INSERT INTO flight_seat (`Flight_id`, `seats_id`) VALUES (79, 671);
INSERT INTO flight_seat (`Flight_id`, `seats_id`) VALUES (79, 748);
INSERT INTO flight_seat (`Flight_id`, `seats_id`) VALUES (79, 1144);
INSERT INTO flight_seat (`Flight_id`, `seats_id`) VALUES (80, 160);
INSERT INTO flight_seat (`Flight_id`, `seats_id`) VALUES (80, 299);
INSERT INTO flight_seat (`Flight_id`, `seats_id`) VALUES (80, 475);
INSERT INTO flight_seat (`Flight_id`, `seats_id`) VALUES (80, 486);
INSERT INTO flight_seat (`Flight_id`, `seats_id`) VALUES (80, 668);
INSERT INTO flight_seat (`Flight_id`, `seats_id`) VALUES (81, 5);
INSERT INTO flight_seat (`Flight_id`, `seats_id`) VALUES (81, 125);
INSERT INTO flight_seat (`Flight_id`, `seats_id`) VALUES (81, 202);
INSERT INTO flight_seat (`Flight_id`, `seats_id`) VALUES (81, 872);
INSERT INTO flight_seat (`Flight_id`, `seats_id`) VALUES (81, 918);
INSERT INTO flight_seat (`Flight_id`, `seats_id`) VALUES (81, 933);
INSERT INTO flight_seat (`Flight_id`, `seats_id`) VALUES (82, 296);
INSERT INTO flight_seat (`Flight_id`, `seats_id`) VALUES (82, 342);
INSERT INTO flight_seat (`Flight_id`, `seats_id`) VALUES (82, 714);
INSERT INTO flight_seat (`Flight_id`, `seats_id`) VALUES (82, 974);
INSERT INTO flight_seat (`Flight_id`, `seats_id`) VALUES (82, 1113);
INSERT INTO flight_seat (`Flight_id`, `seats_id`) VALUES (83, 44);
INSERT INTO flight_seat (`Flight_id`, `seats_id`) VALUES (83, 216);
INSERT INTO flight_seat (`Flight_id`, `seats_id`) VALUES (83, 308);
INSERT INTO flight_seat (`Flight_id`, `seats_id`) VALUES (83, 945);
INSERT INTO flight_seat (`Flight_id`, `seats_id`) VALUES (84, 173);
INSERT INTO flight_seat (`Flight_id`, `seats_id`) VALUES (84, 295);
INSERT INTO flight_seat (`Flight_id`, `seats_id`) VALUES (84, 420);
INSERT INTO flight_seat (`Flight_id`, `seats_id`) VALUES (84, 949);
INSERT INTO flight_seat (`Flight_id`, `seats_id`) VALUES (84, 979);
INSERT INTO flight_seat (`Flight_id`, `seats_id`) VALUES (84, 1041);
INSERT INTO flight_seat (`Flight_id`, `seats_id`) VALUES (85, 101);
INSERT INTO flight_seat (`Flight_id`, `seats_id`) VALUES (85, 787);
INSERT INTO flight_seat (`Flight_id`, `seats_id`) VALUES (86, 378);
INSERT INTO flight_seat (`Flight_id`, `seats_id`) VALUES (86, 634);
INSERT INTO flight_seat (`Flight_id`, `seats_id`) VALUES (86, 907);
INSERT INTO flight_seat (`Flight_id`, `seats_id`) VALUES (86, 1092);
INSERT INTO flight_seat (`Flight_id`, `seats_id`) VALUES (86, 1165);
INSERT INTO flight_seat (`Flight_id`, `seats_id`) VALUES (86, 1226);
INSERT INTO flight_seat (`Flight_id`, `seats_id`) VALUES (86, 1252);
INSERT INTO flight_seat (`Flight_id`, `seats_id`) VALUES (87, 172);
INSERT INTO flight_seat (`Flight_id`, `seats_id`) VALUES (87, 207);
INSERT INTO flight_seat (`Flight_id`, `seats_id`) VALUES (87, 259);
INSERT INTO flight_seat (`Flight_id`, `seats_id`) VALUES (87, 721);
INSERT INTO flight_seat (`Flight_id`, `seats_id`) VALUES (87, 870);
INSERT INTO flight_seat (`Flight_id`, `seats_id`) VALUES (87, 1191);
INSERT INTO flight_seat (`Flight_id`, `seats_id`) VALUES (88, 157);
INSERT INTO flight_seat (`Flight_id`, `seats_id`) VALUES (88, 321);
INSERT INTO flight_seat (`Flight_id`, `seats_id`) VALUES (88, 446);
INSERT INTO flight_seat (`Flight_id`, `seats_id`) VALUES (88, 816);
INSERT INTO flight_seat (`Flight_id`, `seats_id`) VALUES (88, 829);
INSERT INTO flight_seat (`Flight_id`, `seats_id`) VALUES (88, 865);
INSERT INTO flight_seat (`Flight_id`, `seats_id`) VALUES (88, 1031);
INSERT INTO flight_seat (`Flight_id`, `seats_id`) VALUES (89, 520);
INSERT INTO flight_seat (`Flight_id`, `seats_id`) VALUES (89, 532);
INSERT INTO flight_seat (`Flight_id`, `seats_id`) VALUES (89, 550);
INSERT INTO flight_seat (`Flight_id`, `seats_id`) VALUES (89, 1135);
INSERT INTO flight_seat (`Flight_id`, `seats_id`) VALUES (89, 1150);
INSERT INTO flight_seat (`Flight_id`, `seats_id`) VALUES (90, 507);
INSERT INTO flight_seat (`Flight_id`, `seats_id`) VALUES (90, 968);
INSERT INTO flight_seat (`Flight_id`, `seats_id`) VALUES (90, 1026);
INSERT INTO flight_seat (`Flight_id`, `seats_id`) VALUES (91, 196);
INSERT INTO flight_seat (`Flight_id`, `seats_id`) VALUES (91, 224);
INSERT INTO flight_seat (`Flight_id`, `seats_id`) VALUES (91, 416);
INSERT INTO flight_seat (`Flight_id`, `seats_id`) VALUES (91, 851);
INSERT INTO flight_seat (`Flight_id`, `seats_id`) VALUES (92, 214);
INSERT INTO flight_seat (`Flight_id`, `seats_id`) VALUES (92, 348);
INSERT INTO flight_seat (`Flight_id`, `seats_id`) VALUES (92, 411);
INSERT INTO flight_seat (`Flight_id`, `seats_id`) VALUES (92, 565);
INSERT INTO flight_seat (`Flight_id`, `seats_id`) VALUES (92, 592);
INSERT INTO flight_seat (`Flight_id`, `seats_id`) VALUES (92, 817);
INSERT INTO flight_seat (`Flight_id`, `seats_id`) VALUES (92, 1128);
INSERT INTO flight_seat (`Flight_id`, `seats_id`) VALUES (92, 1155);
INSERT INTO flight_seat (`Flight_id`, `seats_id`) VALUES (93, 1);
INSERT INTO flight_seat (`Flight_id`, `seats_id`) VALUES (93, 149);
INSERT INTO flight_seat (`Flight_id`, `seats_id`) VALUES (93, 192);
INSERT INTO flight_seat (`Flight_id`, `seats_id`) VALUES (93, 218);
INSERT INTO flight_seat (`Flight_id`, `seats_id`) VALUES (93, 488);
INSERT INTO flight_seat (`Flight_id`, `seats_id`) VALUES (93, 560);
INSERT INTO flight_seat (`Flight_id`, `seats_id`) VALUES (93, 695);
INSERT INTO flight_seat (`Flight_id`, `seats_id`) VALUES (93, 1208);
INSERT INTO flight_seat (`Flight_id`, `seats_id`) VALUES (94, 65);
INSERT INTO flight_seat (`Flight_id`, `seats_id`) VALUES (94, 153);
INSERT INTO flight_seat (`Flight_id`, `seats_id`) VALUES (94, 729);
INSERT INTO flight_seat (`Flight_id`, `seats_id`) VALUES (94, 799);
INSERT INTO flight_seat (`Flight_id`, `seats_id`) VALUES (94, 896);
INSERT INTO flight_seat (`Flight_id`, `seats_id`) VALUES (94, 931);
INSERT INTO flight_seat (`Flight_id`, `seats_id`) VALUES (94, 942);
INSERT INTO flight_seat (`Flight_id`, `seats_id`) VALUES (94, 999);
INSERT INTO flight_seat (`Flight_id`, `seats_id`) VALUES (94, 1145);
INSERT INTO flight_seat (`Flight_id`, `seats_id`) VALUES (95, 43);
INSERT INTO flight_seat (`Flight_id`, `seats_id`) VALUES (95, 200);
INSERT INTO flight_seat (`Flight_id`, `seats_id`) VALUES (95, 497);
INSERT INTO flight_seat (`Flight_id`, `seats_id`) VALUES (95, 780);
INSERT INTO flight_seat (`Flight_id`, `seats_id`) VALUES (95, 810);
INSERT INTO flight_seat (`Flight_id`, `seats_id`) VALUES (95, 820);
INSERT INTO flight_seat (`Flight_id`, `seats_id`) VALUES (95, 848);
INSERT INTO flight_seat (`Flight_id`, `seats_id`) VALUES (96, 123);
INSERT INTO flight_seat (`Flight_id`, `seats_id`) VALUES (96, 186);
INSERT INTO flight_seat (`Flight_id`, `seats_id`) VALUES (96, 772);
INSERT INTO flight_seat (`Flight_id`, `seats_id`) VALUES (96, 881);
INSERT INTO flight_seat (`Flight_id`, `seats_id`) VALUES (96, 990);
INSERT INTO flight_seat (`Flight_id`, `seats_id`) VALUES (96, 1101);
INSERT INTO flight_seat (`Flight_id`, `seats_id`) VALUES (97, 102);
INSERT INTO flight_seat (`Flight_id`, `seats_id`) VALUES (97, 164);
INSERT INTO flight_seat (`Flight_id`, `seats_id`) VALUES (97, 383);
INSERT INTO flight_seat (`Flight_id`, `seats_id`) VALUES (97, 392);
INSERT INTO flight_seat (`Flight_id`, `seats_id`) VALUES (98, 59);
INSERT INTO flight_seat (`Flight_id`, `seats_id`) VALUES (98, 372);
INSERT INTO flight_seat (`Flight_id`, `seats_id`) VALUES (98, 576);
INSERT INTO flight_seat (`Flight_id`, `seats_id`) VALUES (98, 633);
INSERT INTO flight_seat (`Flight_id`, `seats_id`) VALUES (98, 904);
INSERT INTO flight_seat (`Flight_id`, `seats_id`) VALUES (98, 1030);
INSERT INTO flight_seat (`Flight_id`, `seats_id`) VALUES (99, 151);
INSERT INTO flight_seat (`Flight_id`, `seats_id`) VALUES (99, 165);
INSERT INTO flight_seat (`Flight_id`, `seats_id`) VALUES (99, 203);
INSERT INTO flight_seat (`Flight_id`, `seats_id`) VALUES (99, 333);
INSERT INTO flight_seat (`Flight_id`, `seats_id`) VALUES (99, 827);
INSERT INTO flight_seat (`Flight_id`, `seats_id`) VALUES (99, 939);
INSERT INTO flight_seat (`Flight_id`, `seats_id`) VALUES (99, 1123);
INSERT INTO flight_seat (`Flight_id`, `seats_id`) VALUES (100, 350);
INSERT INTO flight_seat (`Flight_id`, `seats_id`) VALUES (100, 519);
INSERT INTO flight_seat (`Flight_id`, `seats_id`) VALUES (100, 547);
INSERT INTO flight_seat (`Flight_id`, `seats_id`) VALUES (100, 599);
INSERT INTO flight_seat (`Flight_id`, `seats_id`) VALUES (100, 660);
INSERT INTO flight_seat (`Flight_id`, `seats_id`) VALUES (100, 682);
INSERT INTO flight_seat (`Flight_id`, `seats_id`) VALUES (100, 733);
INSERT INTO flight_seat (`Flight_id`, `seats_id`) VALUES (100, 965);
INSERT INTO flight_seat (`Flight_id`, `seats_id`) VALUES (100, 1013);
INSERT INTO flight_seat (`Flight_id`, `seats_id`) VALUES (100, 1019);
INSERT INTO flight_seat (`Flight_id`, `seats_id`) VALUES (100, 1103);
INSERT INTO flight_seat (`Flight_id`, `seats_id`) VALUES (101, 66);
INSERT INTO flight_seat (`Flight_id`, `seats_id`) VALUES (101, 892);
INSERT INTO flight_seat (`Flight_id`, `seats_id`) VALUES (101, 1138);
INSERT INTO flight_seat (`Flight_id`, `seats_id`) VALUES (102, 309);
INSERT INTO flight_seat (`Flight_id`, `seats_id`) VALUES (102, 374);
INSERT INTO flight_seat (`Flight_id`, `seats_id`) VALUES (102, 1133);
INSERT INTO flight_seat (`Flight_id`, `seats_id`) VALUES (102, 1214);
INSERT INTO flight_seat (`Flight_id`, `seats_id`) VALUES (103, 176);
INSERT INTO flight_seat (`Flight_id`, `seats_id`) VALUES (103, 227);
INSERT INTO flight_seat (`Flight_id`, `seats_id`) VALUES (103, 238);
INSERT INTO flight_seat (`Flight_id`, `seats_id`) VALUES (103, 525);
INSERT INTO flight_seat (`Flight_id`, `seats_id`) VALUES (103, 698);
INSERT INTO flight_seat (`Flight_id`, `seats_id`) VALUES (104, 117);
INSERT INTO flight_seat (`Flight_id`, `seats_id`) VALUES (104, 678);
INSERT INTO flight_seat (`Flight_id`, `seats_id`) VALUES (104, 685);
INSERT INTO flight_seat (`Flight_id`, `seats_id`) VALUES (104, 905);
INSERT INTO flight_seat (`Flight_id`, `seats_id`) VALUES (105, 17);
INSERT INTO flight_seat (`Flight_id`, `seats_id`) VALUES (105, 430);
INSERT INTO flight_seat (`Flight_id`, `seats_id`) VALUES (105, 566);
INSERT INTO flight_seat (`Flight_id`, `seats_id`) VALUES (105, 627);
INSERT INTO flight_seat (`Flight_id`, `seats_id`) VALUES (105, 686);
INSERT INTO flight_seat (`Flight_id`, `seats_id`) VALUES (105, 719);
INSERT INTO flight_seat (`Flight_id`, `seats_id`) VALUES (105, 825);
INSERT INTO flight_seat (`Flight_id`, `seats_id`) VALUES (106, 118);
INSERT INTO flight_seat (`Flight_id`, `seats_id`) VALUES (106, 494);
INSERT INTO flight_seat (`Flight_id`, `seats_id`) VALUES (106, 503);
INSERT INTO flight_seat (`Flight_id`, `seats_id`) VALUES (106, 535);
INSERT INTO flight_seat (`Flight_id`, `seats_id`) VALUES (106, 581);
INSERT INTO flight_seat (`Flight_id`, `seats_id`) VALUES (106, 588);
INSERT INTO flight_seat (`Flight_id`, `seats_id`) VALUES (107, 114);
INSERT INTO flight_seat (`Flight_id`, `seats_id`) VALUES (107, 265);
INSERT INTO flight_seat (`Flight_id`, `seats_id`) VALUES (107, 622);
INSERT INTO flight_seat (`Flight_id`, `seats_id`) VALUES (107, 664);
INSERT INTO flight_seat (`Flight_id`, `seats_id`) VALUES (107, 1020);
INSERT INTO flight_seat (`Flight_id`, `seats_id`) VALUES (107, 1058);
INSERT INTO flight_seat (`Flight_id`, `seats_id`) VALUES (108, 273);
INSERT INTO flight_seat (`Flight_id`, `seats_id`) VALUES (108, 336);
INSERT INTO flight_seat (`Flight_id`, `seats_id`) VALUES (108, 621);
INSERT INTO flight_seat (`Flight_id`, `seats_id`) VALUES (108, 1012);
INSERT INTO flight_seat (`Flight_id`, `seats_id`) VALUES (108, 1228);
INSERT INTO flight_seat (`Flight_id`, `seats_id`) VALUES (109, 82);
INSERT INTO flight_seat (`Flight_id`, `seats_id`) VALUES (109, 795);
INSERT INTO flight_seat (`Flight_id`, `seats_id`) VALUES (109, 855);
INSERT INTO flight_seat (`Flight_id`, `seats_id`) VALUES (109, 943);
INSERT INTO flight_seat (`Flight_id`, `seats_id`) VALUES (110, 71);
INSERT INTO flight_seat (`Flight_id`, `seats_id`) VALUES (110, 133);
INSERT INTO flight_seat (`Flight_id`, `seats_id`) VALUES (110, 450);
INSERT INTO flight_seat (`Flight_id`, `seats_id`) VALUES (110, 1205);
INSERT INTO flight_seat (`Flight_id`, `seats_id`) VALUES (110, 1210);
INSERT INTO flight_seat (`Flight_id`, `seats_id`) VALUES (111, 83);
INSERT INTO flight_seat (`Flight_id`, `seats_id`) VALUES (111, 128);
INSERT INTO flight_seat (`Flight_id`, `seats_id`) VALUES (111, 530);
INSERT INTO flight_seat (`Flight_id`, `seats_id`) VALUES (111, 640);
INSERT INTO flight_seat (`Flight_id`, `seats_id`) VALUES (111, 938);
INSERT INTO flight_seat (`Flight_id`, `seats_id`) VALUES (111, 1156);
INSERT INTO flight_seat (`Flight_id`, `seats_id`) VALUES (111, 1243);
INSERT INTO flight_seat (`Flight_id`, `seats_id`) VALUES (112, 211);
INSERT INTO flight_seat (`Flight_id`, `seats_id`) VALUES (112, 857);
INSERT INTO flight_seat (`Flight_id`, `seats_id`) VALUES (112, 966);
INSERT INTO flight_seat (`Flight_id`, `seats_id`) VALUES (112, 1034);
INSERT INTO flight_seat (`Flight_id`, `seats_id`) VALUES (112, 1073);
INSERT INTO flight_seat (`Flight_id`, `seats_id`) VALUES (112, 1098);
INSERT INTO flight_seat (`Flight_id`, `seats_id`) VALUES (113, 84);
INSERT INTO flight_seat (`Flight_id`, `seats_id`) VALUES (113, 254);
INSERT INTO flight_seat (`Flight_id`, `seats_id`) VALUES (113, 311);
INSERT INTO flight_seat (`Flight_id`, `seats_id`) VALUES (113, 727);
INSERT INTO flight_seat (`Flight_id`, `seats_id`) VALUES (113, 786);
INSERT INTO flight_seat (`Flight_id`, `seats_id`) VALUES (113, 1062);
INSERT INTO flight_seat (`Flight_id`, `seats_id`) VALUES (113, 1132);
INSERT INTO flight_seat (`Flight_id`, `seats_id`) VALUES (113, 1199);
INSERT INTO flight_seat (`Flight_id`, `seats_id`) VALUES (114, 132);
INSERT INTO flight_seat (`Flight_id`, `seats_id`) VALUES (114, 144);
INSERT INTO flight_seat (`Flight_id`, `seats_id`) VALUES (114, 183);
INSERT INTO flight_seat (`Flight_id`, `seats_id`) VALUES (114, 637);
INSERT INTO flight_seat (`Flight_id`, `seats_id`) VALUES (114, 658);
INSERT INTO flight_seat (`Flight_id`, `seats_id`) VALUES (115, 282);
INSERT INTO flight_seat (`Flight_id`, `seats_id`) VALUES (115, 590);
INSERT INTO flight_seat (`Flight_id`, `seats_id`) VALUES (115, 613);
INSERT INTO flight_seat (`Flight_id`, `seats_id`) VALUES (115, 699);
INSERT INTO flight_seat (`Flight_id`, `seats_id`) VALUES (115, 813);
INSERT INTO flight_seat (`Flight_id`, `seats_id`) VALUES (115, 926);
INSERT INTO flight_seat (`Flight_id`, `seats_id`) VALUES (115, 1100);
INSERT INTO flight_seat (`Flight_id`, `seats_id`) VALUES (115, 1141);
INSERT INTO flight_seat (`Flight_id`, `seats_id`) VALUES (116, 529);
INSERT INTO flight_seat (`Flight_id`, `seats_id`) VALUES (116, 562);
INSERT INTO flight_seat (`Flight_id`, `seats_id`) VALUES (116, 1134);
INSERT INTO flight_seat (`Flight_id`, `seats_id`) VALUES (116, 1143);
INSERT INTO flight_seat (`Flight_id`, `seats_id`) VALUES (116, 1182);
INSERT INTO flight_seat (`Flight_id`, `seats_id`) VALUES (117, 286);
INSERT INTO flight_seat (`Flight_id`, `seats_id`) VALUES (117, 427);
INSERT INTO flight_seat (`Flight_id`, `seats_id`) VALUES (117, 485);
INSERT INTO flight_seat (`Flight_id`, `seats_id`) VALUES (117, 882);
INSERT INTO flight_seat (`Flight_id`, `seats_id`) VALUES (117, 1022);
INSERT INTO flight_seat (`Flight_id`, `seats_id`) VALUES (117, 1136);
INSERT INTO flight_seat (`Flight_id`, `seats_id`) VALUES (118, 37);
INSERT INTO flight_seat (`Flight_id`, `seats_id`) VALUES (118, 116);
INSERT INTO flight_seat (`Flight_id`, `seats_id`) VALUES (118, 407);
INSERT INTO flight_seat (`Flight_id`, `seats_id`) VALUES (118, 458);
INSERT INTO flight_seat (`Flight_id`, `seats_id`) VALUES (118, 482);
INSERT INTO flight_seat (`Flight_id`, `seats_id`) VALUES (118, 527);
INSERT INTO flight_seat (`Flight_id`, `seats_id`) VALUES (118, 608);
INSERT INTO flight_seat (`Flight_id`, `seats_id`) VALUES (118, 847);
INSERT INTO flight_seat (`Flight_id`, `seats_id`) VALUES (118, 854);
INSERT INTO flight_seat (`Flight_id`, `seats_id`) VALUES (118, 1227);
INSERT INTO flight_seat (`Flight_id`, `seats_id`) VALUES (119, 655);
INSERT INTO flight_seat (`Flight_id`, `seats_id`) VALUES (119, 844);
INSERT INTO flight_seat (`Flight_id`, `seats_id`) VALUES (119, 1074);
INSERT INTO flight_seat (`Flight_id`, `seats_id`) VALUES (120, 442);
INSERT INTO flight_seat (`Flight_id`, `seats_id`) VALUES (120, 594);
INSERT INTO flight_seat (`Flight_id`, `seats_id`) VALUES (120, 666);
INSERT INTO flight_seat (`Flight_id`, `seats_id`) VALUES (120, 1060);
INSERT INTO flight_seat (`Flight_id`, `seats_id`) VALUES (120, 1142);
INSERT INTO flight_seat (`Flight_id`, `seats_id`) VALUES (121, 94);
INSERT INTO flight_seat (`Flight_id`, `seats_id`) VALUES (121, 223);
INSERT INTO flight_seat (`Flight_id`, `seats_id`) VALUES (121, 730);
INSERT INTO flight_seat (`Flight_id`, `seats_id`) VALUES (122, 12);
INSERT INTO flight_seat (`Flight_id`, `seats_id`) VALUES (122, 705);
INSERT INTO flight_seat (`Flight_id`, `seats_id`) VALUES (122, 1172);
INSERT INTO flight_seat (`Flight_id`, `seats_id`) VALUES (123, 60);
INSERT INTO flight_seat (`Flight_id`, `seats_id`) VALUES (123, 107);
INSERT INTO flight_seat (`Flight_id`, `seats_id`) VALUES (123, 553);
INSERT INTO flight_seat (`Flight_id`, `seats_id`) VALUES (124, 362);
INSERT INTO flight_seat (`Flight_id`, `seats_id`) VALUES (124, 517);
INSERT INTO flight_seat (`Flight_id`, `seats_id`) VALUES (124, 900);
INSERT INTO flight_seat (`Flight_id`, `seats_id`) VALUES (124, 1043);
INSERT INTO flight_seat (`Flight_id`, `seats_id`) VALUES (124, 1220);
INSERT INTO flight_seat (`Flight_id`, `seats_id`) VALUES (124, 1259);
INSERT INTO flight_seat (`Flight_id`, `seats_id`) VALUES (125, 385);
INSERT INTO flight_seat (`Flight_id`, `seats_id`) VALUES (125, 1061);
INSERT INTO flight_seat (`Flight_id`, `seats_id`) VALUES (125, 1120);
INSERT INTO flight_seat (`Flight_id`, `seats_id`) VALUES (126, 62);
INSERT INTO flight_seat (`Flight_id`, `seats_id`) VALUES (126, 645);
INSERT INTO flight_seat (`Flight_id`, `seats_id`) VALUES (126, 1189);
INSERT INTO flight_seat (`Flight_id`, `seats_id`) VALUES (127, 239);
INSERT INTO flight_seat (`Flight_id`, `seats_id`) VALUES (127, 600);
INSERT INTO flight_seat (`Flight_id`, `seats_id`) VALUES (127, 689);
INSERT INTO flight_seat (`Flight_id`, `seats_id`) VALUES (127, 1164);
INSERT INTO flight_seat (`Flight_id`, `seats_id`) VALUES (128, 159);
INSERT INTO flight_seat (`Flight_id`, `seats_id`) VALUES (129, 152);
INSERT INTO flight_seat (`Flight_id`, `seats_id`) VALUES (129, 171);
INSERT INTO flight_seat (`Flight_id`, `seats_id`) VALUES (129, 390);
INSERT INTO flight_seat (`Flight_id`, `seats_id`) VALUES (129, 448);
INSERT INTO flight_seat (`Flight_id`, `seats_id`) VALUES (129, 769);
INSERT INTO flight_seat (`Flight_id`, `seats_id`) VALUES (129, 838);
INSERT INTO flight_seat (`Flight_id`, `seats_id`) VALUES (130, 353);
INSERT INTO flight_seat (`Flight_id`, `seats_id`) VALUES (130, 358);
INSERT INTO flight_seat (`Flight_id`, `seats_id`) VALUES (130, 807);
INSERT INTO flight_seat (`Flight_id`, `seats_id`) VALUES (130, 1079);
INSERT INTO flight_seat (`Flight_id`, `seats_id`) VALUES (130, 1181);
INSERT INTO flight_seat (`Flight_id`, `seats_id`) VALUES (131, 178);
INSERT INTO flight_seat (`Flight_id`, `seats_id`) VALUES (131, 364);
INSERT INTO flight_seat (`Flight_id`, `seats_id`) VALUES (131, 726);
INSERT INTO flight_seat (`Flight_id`, `seats_id`) VALUES (131, 749);
INSERT INTO flight_seat (`Flight_id`, `seats_id`) VALUES (131, 863);
INSERT INTO flight_seat (`Flight_id`, `seats_id`) VALUES (131, 963);
INSERT INTO flight_seat (`Flight_id`, `seats_id`) VALUES (131, 978);
INSERT INTO flight_seat (`Flight_id`, `seats_id`) VALUES (131, 1175);
INSERT INTO flight_seat (`Flight_id`, `seats_id`) VALUES (132, 182);
INSERT INTO flight_seat (`Flight_id`, `seats_id`) VALUES (132, 394);
INSERT INTO flight_seat (`Flight_id`, `seats_id`) VALUES (132, 773);
INSERT INTO flight_seat (`Flight_id`, `seats_id`) VALUES (132, 842);
INSERT INTO flight_seat (`Flight_id`, `seats_id`) VALUES (133, 300);
INSERT INTO flight_seat (`Flight_id`, `seats_id`) VALUES (133, 365);
INSERT INTO flight_seat (`Flight_id`, `seats_id`) VALUES (133, 783);
INSERT INTO flight_seat (`Flight_id`, `seats_id`) VALUES (133, 927);
INSERT INTO flight_seat (`Flight_id`, `seats_id`) VALUES (133, 1108);
INSERT INTO flight_seat (`Flight_id`, `seats_id`) VALUES (133, 1130);
INSERT INTO flight_seat (`Flight_id`, `seats_id`) VALUES (134, 572);
INSERT INTO flight_seat (`Flight_id`, `seats_id`) VALUES (134, 741);
INSERT INTO flight_seat (`Flight_id`, `seats_id`) VALUES (135, 343);
INSERT INTO flight_seat (`Flight_id`, `seats_id`) VALUES (135, 443);
INSERT INTO flight_seat (`Flight_id`, `seats_id`) VALUES (135, 716);
INSERT INTO flight_seat (`Flight_id`, `seats_id`) VALUES (135, 868);
INSERT INTO flight_seat (`Flight_id`, `seats_id`) VALUES (136, 9);
INSERT INTO flight_seat (`Flight_id`, `seats_id`) VALUES (136, 967);
INSERT INTO flight_seat (`Flight_id`, `seats_id`) VALUES (137, 734);
INSERT INTO flight_seat (`Flight_id`, `seats_id`) VALUES (137, 916);
INSERT INTO flight_seat (`Flight_id`, `seats_id`) VALUES (137, 992);
INSERT INTO flight_seat (`Flight_id`, `seats_id`) VALUES (137, 1063);
INSERT INTO flight_seat (`Flight_id`, `seats_id`) VALUES (137, 1106);
INSERT INTO flight_seat (`Flight_id`, `seats_id`) VALUES (137, 1153);
INSERT INTO flight_seat (`Flight_id`, `seats_id`) VALUES (138, 45);
INSERT INTO flight_seat (`Flight_id`, `seats_id`) VALUES (138, 708);
INSERT INTO flight_seat (`Flight_id`, `seats_id`) VALUES (138, 986);
INSERT INTO flight_seat (`Flight_id`, `seats_id`) VALUES (138, 1114);
INSERT INTO flight_seat (`Flight_id`, `seats_id`) VALUES (139, 39);
INSERT INTO flight_seat (`Flight_id`, `seats_id`) VALUES (139, 1037);
INSERT INTO flight_seat (`Flight_id`, `seats_id`) VALUES (139, 1126);
INSERT INTO flight_seat (`Flight_id`, `seats_id`) VALUES (140, 38);
INSERT INTO flight_seat (`Flight_id`, `seats_id`) VALUES (140, 50);
INSERT INTO flight_seat (`Flight_id`, `seats_id`) VALUES (140, 247);
INSERT INTO flight_seat (`Flight_id`, `seats_id`) VALUES (140, 345);
INSERT INTO flight_seat (`Flight_id`, `seats_id`) VALUES (140, 533);
INSERT INTO flight_seat (`Flight_id`, `seats_id`) VALUES (140, 928);
INSERT INTO flight_seat (`Flight_id`, `seats_id`) VALUES (140, 932);
INSERT INTO flight_seat (`Flight_id`, `seats_id`) VALUES (140, 1184);
INSERT INTO flight_seat (`Flight_id`, `seats_id`) VALUES (141, 140);
INSERT INTO flight_seat (`Flight_id`, `seats_id`) VALUES (141, 479);
INSERT INTO flight_seat (`Flight_id`, `seats_id`) VALUES (141, 480);
INSERT INTO flight_seat (`Flight_id`, `seats_id`) VALUES (141, 504);
INSERT INTO flight_seat (`Flight_id`, `seats_id`) VALUES (141, 578);
INSERT INTO flight_seat (`Flight_id`, `seats_id`) VALUES (141, 612);
INSERT INTO flight_seat (`Flight_id`, `seats_id`) VALUES (141, 624);
INSERT INTO flight_seat (`Flight_id`, `seats_id`) VALUES (141, 717);
INSERT INTO flight_seat (`Flight_id`, `seats_id`) VALUES (141, 958);
INSERT INTO flight_seat (`Flight_id`, `seats_id`) VALUES (141, 984);
INSERT INTO flight_seat (`Flight_id`, `seats_id`) VALUES (141, 1250);
INSERT INTO flight_seat (`Flight_id`, `seats_id`) VALUES (142, 329);
INSERT INTO flight_seat (`Flight_id`, `seats_id`) VALUES (142, 593);
INSERT INTO flight_seat (`Flight_id`, `seats_id`) VALUES (142, 697);
INSERT INTO flight_seat (`Flight_id`, `seats_id`) VALUES (142, 930);
INSERT INTO flight_seat (`Flight_id`, `seats_id`) VALUES (143, 198);
INSERT INTO flight_seat (`Flight_id`, `seats_id`) VALUES (143, 955);
INSERT INTO flight_seat (`Flight_id`, `seats_id`) VALUES (143, 1125);
INSERT INTO flight_seat (`Flight_id`, `seats_id`) VALUES (144, 272);
INSERT INTO flight_seat (`Flight_id`, `seats_id`) VALUES (144, 597);
INSERT INTO flight_seat (`Flight_id`, `seats_id`) VALUES (144, 722);
INSERT INTO flight_seat (`Flight_id`, `seats_id`) VALUES (144, 832);
INSERT INTO flight_seat (`Flight_id`, `seats_id`) VALUES (145, 109);
INSERT INTO flight_seat (`Flight_id`, `seats_id`) VALUES (145, 161);
INSERT INTO flight_seat (`Flight_id`, `seats_id`) VALUES (145, 371);
INSERT INTO flight_seat (`Flight_id`, `seats_id`) VALUES (145, 694);
INSERT INTO flight_seat (`Flight_id`, `seats_id`) VALUES (145, 1033);
INSERT INTO flight_seat (`Flight_id`, `seats_id`) VALUES (145, 1080);
INSERT INTO flight_seat (`Flight_id`, `seats_id`) VALUES (145, 1117);
INSERT INTO flight_seat (`Flight_id`, `seats_id`) VALUES (145, 1241);
INSERT INTO flight_seat (`Flight_id`, `seats_id`) VALUES (146, 179);
INSERT INTO flight_seat (`Flight_id`, `seats_id`) VALUES (146, 700);
INSERT INTO flight_seat (`Flight_id`, `seats_id`) VALUES (146, 1017);
INSERT INTO flight_seat (`Flight_id`, `seats_id`) VALUES (146, 1027);
INSERT INTO flight_seat (`Flight_id`, `seats_id`) VALUES (146, 1046);
INSERT INTO flight_seat (`Flight_id`, `seats_id`) VALUES (146, 1244);
INSERT INTO flight_seat (`Flight_id`, `seats_id`) VALUES (147, 250);
INSERT INTO flight_seat (`Flight_id`, `seats_id`) VALUES (147, 469);
INSERT INTO flight_seat (`Flight_id`, `seats_id`) VALUES (147, 537);
INSERT INTO flight_seat (`Flight_id`, `seats_id`) VALUES (147, 601);
INSERT INTO flight_seat (`Flight_id`, `seats_id`) VALUES (147, 849);
INSERT INTO flight_seat (`Flight_id`, `seats_id`) VALUES (148, 27);
INSERT INTO flight_seat (`Flight_id`, `seats_id`) VALUES (148, 52);
INSERT INTO flight_seat (`Flight_id`, `seats_id`) VALUES (148, 360);
INSERT INTO flight_seat (`Flight_id`, `seats_id`) VALUES (148, 839);
INSERT INTO flight_seat (`Flight_id`, `seats_id`) VALUES (149, 1067);
INSERT INTO flight_seat (`Flight_id`, `seats_id`) VALUES (150, 339);
INSERT INTO flight_seat (`Flight_id`, `seats_id`) VALUES (150, 465);
INSERT INTO flight_seat (`Flight_id`, `seats_id`) VALUES (150, 495);
INSERT INTO flight_seat (`Flight_id`, `seats_id`) VALUES (150, 740);
INSERT INTO flight_seat (`Flight_id`, `seats_id`) VALUES (150, 1065);
INSERT INTO flight_seat (`Flight_id`, `seats_id`) VALUES (151, 90);
INSERT INTO flight_seat (`Flight_id`, `seats_id`) VALUES (151, 292);
INSERT INTO flight_seat (`Flight_id`, `seats_id`) VALUES (151, 422);
INSERT INTO flight_seat (`Flight_id`, `seats_id`) VALUES (151, 674);
INSERT INTO flight_seat (`Flight_id`, `seats_id`) VALUES (151, 884);
INSERT INTO flight_seat (`Flight_id`, `seats_id`) VALUES (151, 1246);
INSERT INTO flight_seat (`Flight_id`, `seats_id`) VALUES (152, 77);
INSERT INTO flight_seat (`Flight_id`, `seats_id`) VALUES (152, 154);
INSERT INTO flight_seat (`Flight_id`, `seats_id`) VALUES (152, 800);
INSERT INTO flight_seat (`Flight_id`, `seats_id`) VALUES (152, 1023);
INSERT INTO flight_seat (`Flight_id`, `seats_id`) VALUES (153, 112);
INSERT INTO flight_seat (`Flight_id`, `seats_id`) VALUES (153, 1260);
INSERT INTO flight_seat (`Flight_id`, `seats_id`) VALUES (154, 99);
INSERT INTO flight_seat (`Flight_id`, `seats_id`) VALUES (154, 168);
INSERT INTO flight_seat (`Flight_id`, `seats_id`) VALUES (154, 304);
INSERT INTO flight_seat (`Flight_id`, `seats_id`) VALUES (155, 234);
INSERT INTO flight_seat (`Flight_id`, `seats_id`) VALUES (155, 552);
INSERT INTO flight_seat (`Flight_id`, `seats_id`) VALUES (155, 577);
INSERT INTO flight_seat (`Flight_id`, `seats_id`) VALUES (155, 649);
INSERT INTO flight_seat (`Flight_id`, `seats_id`) VALUES (155, 723);
INSERT INTO flight_seat (`Flight_id`, `seats_id`) VALUES (156, 69);
INSERT INTO flight_seat (`Flight_id`, `seats_id`) VALUES (156, 104);
INSERT INTO flight_seat (`Flight_id`, `seats_id`) VALUES (156, 145);
INSERT INTO flight_seat (`Flight_id`, `seats_id`) VALUES (156, 380);
INSERT INTO flight_seat (`Flight_id`, `seats_id`) VALUES (156, 436);
INSERT INTO flight_seat (`Flight_id`, `seats_id`) VALUES (157, 208);
INSERT INTO flight_seat (`Flight_id`, `seats_id`) VALUES (157, 280);
INSERT INTO flight_seat (`Flight_id`, `seats_id`) VALUES (157, 391);
INSERT INTO flight_seat (`Flight_id`, `seats_id`) VALUES (157, 473);
INSERT INTO flight_seat (`Flight_id`, `seats_id`) VALUES (157, 806);
INSERT INTO flight_seat (`Flight_id`, `seats_id`) VALUES (157, 852);
INSERT INTO flight_seat (`Flight_id`, `seats_id`) VALUES (157, 1016);
INSERT INTO flight_seat (`Flight_id`, `seats_id`) VALUES (158, 63);
INSERT INTO flight_seat (`Flight_id`, `seats_id`) VALUES (158, 381);
INSERT INTO flight_seat (`Flight_id`, `seats_id`) VALUES (158, 412);
INSERT INTO flight_seat (`Flight_id`, `seats_id`) VALUES (158, 586);
INSERT INTO flight_seat (`Flight_id`, `seats_id`) VALUES (159, 10);
INSERT INTO flight_seat (`Flight_id`, `seats_id`) VALUES (159, 352);
INSERT INTO flight_seat (`Flight_id`, `seats_id`) VALUES (159, 568);
INSERT INTO flight_seat (`Flight_id`, `seats_id`) VALUES (159, 765);
INSERT INTO flight_seat (`Flight_id`, `seats_id`) VALUES (159, 1059);
INSERT INTO flight_seat (`Flight_id`, `seats_id`) VALUES (160, 305);
INSERT INTO flight_seat (`Flight_id`, `seats_id`) VALUES (160, 718);
INSERT INTO flight_seat (`Flight_id`, `seats_id`) VALUES (160, 1077);
INSERT INTO flight_seat (`Flight_id`, `seats_id`) VALUES (160, 1230);







#
# TABLE STRUCTURE FOR: user
#


INSERT INTO user (`id`, `email`, `userName`, `password`) VALUES (1, 'orn.anthony@example.org', 'rerum', 'a8b6fa6a5b77b88b0a6820f2093babb96c4bd543');
INSERT INTO user (`id`, `email`, `userName`, `password`) VALUES (2, 'richmond73@example.com', 'sint', '45cf8a1f9f0d23b0addc06a8914716bfe9aba1ad');
INSERT INTO user (`id`, `email`, `userName`, `password`) VALUES (3, 'darrel.welch@example.net', 'repudiandae', '0b3076249bf2c301e4f4ea43937c277f346e50d0');
INSERT INTO user (`id`, `email`, `userName`, `password`) VALUES (4, 'kristoffer73@example.com', 'qui', '0fa416d68dfbfcf4ab7c0258db9d1077117b7fbe');
INSERT INTO user (`id`, `email`, `userName`, `password`) VALUES (5, 'rhauck@example.net', 'tenetur', 'f40584111dd1f81480a2f8fe804ad629c2b3c89a');
INSERT INTO user (`id`, `email`, `userName`, `password`) VALUES (6, 'trace89@example.com', 'occaecati', '1377cfe0ac90a9a648eb970e09b17e0bcbb6af40');
INSERT INTO user (`id`, `email`, `userName`, `password`) VALUES (7, 'rhudson@example.com', 'dicta', '11bcd050f856a029fb857c6ab8576d5ffd4befbd');
INSERT INTO user (`id`, `email`, `userName`, `password`) VALUES (8, 'hgulgowski@example.org', 'suscipit', '77f3641dd69a7d0a90dc3948be69f568200e7cf6');
INSERT INTO user (`id`, `email`, `userName`, `password`) VALUES (9, 'carter.collins@example.com', 'accusamus', '922312f991ccd633bdd0d869c702c21e4079d5da');
INSERT INTO user (`id`, `email`, `userName`, `password`) VALUES (10, 'goodwin.tillman@example.org', 'quod', '834268c8b8ccafe1c5b149d1ac0b5e7de97c8edc');
INSERT INTO user (`id`, `email`, `userName`, `password`) VALUES (11, 'trevion.yost@example.org', 'minima', '2af189cb8a3550273adf1d37473acfd85a6f7340');
INSERT INTO user (`id`, `email`, `userName`, `password`) VALUES (12, 'darrick.raynor@example.org', 'saepe', '72b640e3dee94288fbaa401d87eac642b448e092');
INSERT INTO user (`id`, `email`, `userName`, `password`) VALUES (13, 'bemmerich@example.org', 'est', '1face02c1002fc3b184fae9630abe78bbc09669e');
INSERT INTO user (`id`, `email`, `userName`, `password`) VALUES (14, 'ferne.kuhn@example.org', 'dolor', 'e49feaab6c1a7212645e842e6be24fadc1bbddb1');
INSERT INTO user (`id`, `email`, `userName`, `password`) VALUES (15, 'gkshlerin@example.com', 'alias', 'fcb3cfd57e85c5cb67abd6ddcecf84fa2cb8c99e');
INSERT INTO user (`id`, `email`, `userName`, `password`) VALUES (16, 'roob.jaida@example.com', 'ut', 'e85c5a3d9f163c0e1570af53dbdff1f3e9852c31');
INSERT INTO user (`id`, `email`, `userName`, `password`) VALUES (17, 'bdare@example.com', 'et', 'e2234d375c97825cc16e06920697e01b105f6ec0');
INSERT INTO user (`id`, `email`, `userName`, `password`) VALUES (18, 'kamryn21@example.org', 'assumenda', 'dc7ec5c6ca2d77a9c65126fa6874ff747782a7f7');
INSERT INTO user (`id`, `email`, `userName`, `password`) VALUES (19, 'branson.dach@example.net', 'dignissimos', 'a0397174481ba1ef69767f074e636db2bcab190d');
INSERT INTO user (`id`, `email`, `userName`, `password`) VALUES (20, 'myrna.beatty@example.org', 'enim', '06b1756c823e97d461a52f45b18c40131c74878e');
INSERT INTO user (`id`, `email`, `userName`, `password`) VALUES (21, 'aiyana.osinski@example.org', 'consequatur', 'ea260bd53448d02cdeffad258aca9d57454d7ecd');
INSERT INTO user (`id`, `email`, `userName`, `password`) VALUES (22, 'mclaughlin.eleanore@example.org', 'reprehenderit', 'da3772c133e72abcde9f38c059cb4fb895f8b054');
INSERT INTO user (`id`, `email`, `userName`, `password`) VALUES (23, 'sofia62@example.net', 'qui', '0e024edfb76c5ac4cc803339a0dc733844d8ee28');
INSERT INTO user (`id`, `email`, `userName`, `password`) VALUES (24, 'magali48@example.com', 'non', 'f1e67924b8a3b114aad0bcca97b5bd59ec8a1ee1');
INSERT INTO user (`id`, `email`, `userName`, `password`) VALUES (25, 'eli.schiller@example.org', 'voluptas', 'e70a887baf647472abbf6aa022fb35c22b3a0111');
INSERT INTO user (`id`, `email`, `userName`, `password`) VALUES (26, 'dessie46@example.net', 'enim', '7b3ca6040ebe82ddf23d960d9250b61a9e75542d');
INSERT INTO user (`id`, `email`, `userName`, `password`) VALUES (27, 'gwendolyn14@example.com', 'esse', '3f5699bd564b92051d3a024abeeaaed81e089ee9');
INSERT INTO user (`id`, `email`, `userName`, `password`) VALUES (28, 'stamm.alvera@example.org', 'voluptatibus', '00c9558ef08b0312094e01ab81121b13e77f24bf');
INSERT INTO user (`id`, `email`, `userName`, `password`) VALUES (29, 'schowalter.erna@example.org', 'est', 'f0c039058e7510adb96b6414e0418c18bb4d9113');
INSERT INTO user (`id`, `email`, `userName`, `password`) VALUES (30, 'hope.schuster@example.org', 'praesentium', 'cfbaaf2d8685ca4355a970da63a8cbffaaaef152');
INSERT INTO user (`id`, `email`, `userName`, `password`) VALUES (31, 'rhea90@example.com', 'quis', '7e10ddbe397ebaed53b9bc54c374cc1276319a51');
INSERT INTO user (`id`, `email`, `userName`, `password`) VALUES (32, 'dswift@example.net', 'distinctio', '008ae446605b883ce89b255f69a90ba6fddcc72f');
INSERT INTO user (`id`, `email`, `userName`, `password`) VALUES (33, 'sheridan60@example.com', 'quo', '86412d06ac90dcb94ced9686cbd3a58d558c5595');
INSERT INTO user (`id`, `email`, `userName`, `password`) VALUES (34, 'enid.ferry@example.com', 'itaque', '819944198f02c79a0346518ed83284b2aabdc051');
INSERT INTO user (`id`, `email`, `userName`, `password`) VALUES (35, 'kiana.hilpert@example.net', 'commodi', 'd176182bb9e5e0d2608faa32ca249a290f34b9d7');
INSERT INTO user (`id`, `email`, `userName`, `password`) VALUES (36, 'reginald13@example.net', 'et', '3b8ed81b70977c9a748ce1d7c6eaf5a203092dbb');
INSERT INTO user (`id`, `email`, `userName`, `password`) VALUES (37, 'dewayne12@example.com', 'accusantium', '58b805c21e45ce4009653e0fae24c09e862837eb');
INSERT INTO user (`id`, `email`, `userName`, `password`) VALUES (38, 'mittie16@example.com', 'harum', '1008ea03db3042d8b4fcd12bccf0aff085ff85b6');
INSERT INTO user (`id`, `email`, `userName`, `password`) VALUES (39, 'chanelle.williamson@example.com', 'accusantium', 'f7ddd5867b61f220e62cb61078a63d7dfae89acd');
INSERT INTO user (`id`, `email`, `userName`, `password`) VALUES (40, 'kautzer.dora@example.org', 'qui', '67528fb6550096e0ab4aecf553d9c8782bb653b7');
INSERT INTO user (`id`, `email`, `userName`, `password`) VALUES (41, 'annie82@example.org', 'et', '997bbbc824f4c947d02af2261525da9a9d39c901');
INSERT INTO user (`id`, `email`, `userName`, `password`) VALUES (42, 'kdenesik@example.net', 'aut', '1c6e380d8b7f4cfa442c003eae93877af71d96dc');
INSERT INTO user (`id`, `email`, `userName`, `password`) VALUES (43, 'marquise32@example.org', 'provident', '7c74826c14dc0daa5d1c0b660887d6bc5b3220b5');
INSERT INTO user (`id`, `email`, `userName`, `password`) VALUES (44, 'laurine.romaguera@example.net', 'at', 'b8e6a660a1aa32ec9879d07e263520ec3a0cc2f9');
INSERT INTO user (`id`, `email`, `userName`, `password`) VALUES (45, 'anibal.ondricka@example.com', 'earum', '1601b754a47962939b8bc659d922471506fe454e');
INSERT INTO user (`id`, `email`, `userName`, `password`) VALUES (46, 'kayla24@example.com', 'et', '74bcbc16d8df6dc42178608b9d2ff514e158607d');
INSERT INTO user (`id`, `email`, `userName`, `password`) VALUES (47, 'kayla.walter@example.org', 'sint', 'fbd69d5f6ab486692f9a87e187d9d9ad8bef8dd0');
INSERT INTO user (`id`, `email`, `userName`, `password`) VALUES (48, 'mschiller@example.org', 'quidem', '818d6b380cde237b8b7460624422a2860bebcbef');
INSERT INTO user (`id`, `email`, `userName`, `password`) VALUES (49, 'rutherford.roma@example.com', 'facilis', '6ade182fdea1239886f4dbcf028b2bcddae089d4');
INSERT INTO user (`id`, `email`, `userName`, `password`) VALUES (50, 'ljohnson@example.org', 'omnis', '52136f57ad556f617dffcf43c27e59ed06cf916e');
INSERT INTO user (`id`, `email`, `userName`, `password`) VALUES (51, 'sim.haley@example.net', 'et', 'da59f1720a14a6cf33bdce10acf5464c139c2003');
INSERT INTO user (`id`, `email`, `userName`, `password`) VALUES (52, 'uschultz@example.com', 'autem', '6414f9c45c2bdfc1c17a2c83389d1ded850c6fdb');
INSERT INTO user (`id`, `email`, `userName`, `password`) VALUES (53, 'tracy.mosciski@example.org', 'voluptate', '649147aee0d5faa2dc4bb1987afcf9a8f30dcc6e');
INSERT INTO user (`id`, `email`, `userName`, `password`) VALUES (54, 'ericka18@example.net', 'voluptas', '2a09d38df34add80bbdabf8df5472837b0d5a2c4');
INSERT INTO user (`id`, `email`, `userName`, `password`) VALUES (55, 'ryan00@example.net', 'dolorum', '0efc74ff09960357df14e3834e97e132cbdfa8e5');
INSERT INTO user (`id`, `email`, `userName`, `password`) VALUES (56, 'cbaumbach@example.net', 'eos', '9b8ad5ddd6ca538bc59c5b6d3dbcba3cafbfdec6');
INSERT INTO user (`id`, `email`, `userName`, `password`) VALUES (57, 'hterry@example.com', 'quidem', 'ccc7cebc2379ceb56a49b9323baa5adb5b0bf33e');
INSERT INTO user (`id`, `email`, `userName`, `password`) VALUES (58, 'gwendolyn.klocko@example.com', 'et', 'aacd34272a86544e33e4fc8dcc2b4c198bd87de8');
INSERT INTO user (`id`, `email`, `userName`, `password`) VALUES (59, 'oswaldo75@example.com', 'quaerat', '77715525b39701a34c392d71a277ed2d0dbcbea5');
INSERT INTO user (`id`, `email`, `userName`, `password`) VALUES (60, 'beverly.kuhlman@example.org', 'consequatur', '0033022c0fe4eb64de7ae78ab4111e07e3715677');
INSERT INTO user (`id`, `email`, `userName`, `password`) VALUES (61, 'alverta.o\'conner@example.net', 'sunt', '102573fc912110f1c5802f3eeadce60547af36af');
INSERT INTO user (`id`, `email`, `userName`, `password`) VALUES (62, 'deshawn84@example.com', 'sit', '7cde82c6490fa440bb53e8e676be9e0d2cc5dea9');
INSERT INTO user (`id`, `email`, `userName`, `password`) VALUES (63, 'jordon27@example.org', 'sit', 'b172e75f0a1907d8fd899211630a90d47c5183bf');
INSERT INTO user (`id`, `email`, `userName`, `password`) VALUES (64, 'fkerluke@example.com', 'sit', '1c58118f21e8144978fcd289810924e19348b3b7');
INSERT INTO user (`id`, `email`, `userName`, `password`) VALUES (65, 'corkery.aurelio@example.org', 'et', 'f28a8ae0543a4ec232afee1674809b6d9525384d');
INSERT INTO user (`id`, `email`, `userName`, `password`) VALUES (66, 'mavis.haag@example.com', 'mollitia', '139e2f139afd65cdf9ec38c00d1b99799c48a792');
INSERT INTO user (`id`, `email`, `userName`, `password`) VALUES (67, 'wiegand.blaze@example.org', 'quia', 'f7cb25235fe588a8fdfe39c4d570ca67ccba035b');
INSERT INTO user (`id`, `email`, `userName`, `password`) VALUES (68, 'fo\'kon@example.com', 'autem', '470e03ed24ff5b94c01575edcdd0de0184b5e8d8');
INSERT INTO user (`id`, `email`, `userName`, `password`) VALUES (69, 'yokuneva@example.net', 'repudiandae', '2fb9f105baae8ad9b6965abf9612a643a4a4711d');
INSERT INTO user (`id`, `email`, `userName`, `password`) VALUES (70, 'emery55@example.org', 'perspiciatis', 'd34873d9ffa7bf12fcf358b2260108a00bbd871a');
INSERT INTO user (`id`, `email`, `userName`, `password`) VALUES (71, 'janet.wilderman@example.com', 'laboriosam', 'd282f831a076fd7844bb152e9872cdeb8370dd55');
INSERT INTO user (`id`, `email`, `userName`, `password`) VALUES (72, 'sblick@example.com', 'eligendi', 'bdf7f9cc771a1d9a8cacbda30a9c36fce79b1ce8');
INSERT INTO user (`id`, `email`, `userName`, `password`) VALUES (73, 'casper.jalon@example.net', 'incidunt', '0614949a766281c92ac91778aeae1dde5093aad1');
INSERT INTO user (`id`, `email`, `userName`, `password`) VALUES (74, 'shields.lillie@example.net', 'vitae', '9e15bbebfcbace7ddfb53e90d506ae9a232741cc');
INSERT INTO user (`id`, `email`, `userName`, `password`) VALUES (75, 'meaghan83@example.com', 'dolores', '24b908825e937e1664dc011f7ecc789ca93d8bac');
INSERT INTO user (`id`, `email`, `userName`, `password`) VALUES (76, 'roger.lang@example.com', 'cum', 'c6803921983365eddf4c27c79bf7577c8b4b26b7');
INSERT INTO user (`id`, `email`, `userName`, `password`) VALUES (77, 'jadon.padberg@example.org', 'est', '444dfe5ec13bd8dfaee670d3deacb9e8072b4ec9');
INSERT INTO user (`id`, `email`, `userName`, `password`) VALUES (78, 'ellis.kunze@example.com', 'ut', 'cf66bbf712d07b2da21e1dbacebf1819b8f1fb11');
INSERT INTO user (`id`, `email`, `userName`, `password`) VALUES (79, 'konopelski.bertrand@example.org', 'voluptates', '9cec519f4c4298c03363cf24a90537897803df40');
INSERT INTO user (`id`, `email`, `userName`, `password`) VALUES (80, 'vfay@example.org', 'velit', '5af82aa46ca50340903d0ba801cf434b0d1965d2');


#
# TABLE STRUCTURE FOR: partner
#


INSERT INTO partner (`id`, `company_id`) VALUES (3, 1);
INSERT INTO partner (`id`, `company_id`) VALUES (21, 1);
INSERT INTO partner (`id`, `company_id`) VALUES (29, 1);
INSERT INTO partner (`id`, `company_id`) VALUES (7, 2);
INSERT INTO partner (`id`, `company_id`) VALUES (56, 2);
INSERT INTO partner (`id`, `company_id`) VALUES (73, 2);
INSERT INTO partner (`id`, `company_id`) VALUES (5, 3);
INSERT INTO partner (`id`, `company_id`) VALUES (39, 3);
INSERT INTO partner (`id`, `company_id`) VALUES (51, 3);
INSERT INTO partner (`id`, `company_id`) VALUES (57, 3);
INSERT INTO partner (`id`, `company_id`) VALUES (35, 4);
INSERT INTO partner (`id`, `company_id`) VALUES (37, 4);
INSERT INTO partner (`id`, `company_id`) VALUES (28, 5);
INSERT INTO partner (`id`, `company_id`) VALUES (44, 5);
INSERT INTO partner (`id`, `company_id`) VALUES (54, 5);
INSERT INTO partner (`id`, `company_id`) VALUES (61, 5);
INSERT INTO partner (`id`, `company_id`) VALUES (41, 6);
INSERT INTO partner (`id`, `company_id`) VALUES (63, 6);
INSERT INTO partner (`id`, `company_id`) VALUES (79, 6);
INSERT INTO partner (`id`, `company_id`) VALUES (2, 7);
INSERT INTO partner (`id`, `company_id`) VALUES (16, 7);
INSERT INTO partner (`id`, `company_id`) VALUES (36, 7);
INSERT INTO partner (`id`, `company_id`) VALUES (48, 7);
INSERT INTO partner (`id`, `company_id`) VALUES (68, 7);
INSERT INTO partner (`id`, `company_id`) VALUES (76, 7);
INSERT INTO partner (`id`, `company_id`) VALUES (78, 7);
INSERT INTO partner (`id`, `company_id`) VALUES (80, 7);
INSERT INTO partner (`id`, `company_id`) VALUES (26, 8);
INSERT INTO partner (`id`, `company_id`) VALUES (27, 8);
INSERT INTO partner (`id`, `company_id`) VALUES (33, 9);
INSERT INTO partner (`id`, `company_id`) VALUES (46, 9);
INSERT INTO partner (`id`, `company_id`) VALUES (14, 10);
INSERT INTO partner (`id`, `company_id`) VALUES (60, 10);
INSERT INTO partner (`id`, `company_id`) VALUES (62, 10);
INSERT INTO partner (`id`, `company_id`) VALUES (70, 10);
INSERT INTO partner (`id`, `company_id`) VALUES (4, 11);
INSERT INTO partner (`id`, `company_id`) VALUES (19, 11);
INSERT INTO partner (`id`, `company_id`) VALUES (23, 11);
INSERT INTO partner (`id`, `company_id`) VALUES (30, 11);
INSERT INTO partner (`id`, `company_id`) VALUES (59, 11);
INSERT INTO partner (`id`, `company_id`) VALUES (1, 12);
INSERT INTO partner (`id`, `company_id`) VALUES (13, 12);
INSERT INTO partner (`id`, `company_id`) VALUES (71, 12);
INSERT INTO partner (`id`, `company_id`) VALUES (12, 13);
INSERT INTO partner (`id`, `company_id`) VALUES (15, 13);
INSERT INTO partner (`id`, `company_id`) VALUES (25, 13);
INSERT INTO partner (`id`, `company_id`) VALUES (58, 13);
INSERT INTO partner (`id`, `company_id`) VALUES (9, 14);
INSERT INTO partner (`id`, `company_id`) VALUES (40, 15);
INSERT INTO partner (`id`, `company_id`) VALUES (43, 15);
INSERT INTO partner (`id`, `company_id`) VALUES (53, 15);
INSERT INTO partner (`id`, `company_id`) VALUES (55, 15);
INSERT INTO partner (`id`, `company_id`) VALUES (34, 16);
INSERT INTO partner (`id`, `company_id`) VALUES (65, 16);
INSERT INTO partner (`id`, `company_id`) VALUES (77, 16);
INSERT INTO partner (`id`, `company_id`) VALUES (47, 17);
INSERT INTO partner (`id`, `company_id`) VALUES (52, 17);
INSERT INTO partner (`id`, `company_id`) VALUES (6, 18);
INSERT INTO partner (`id`, `company_id`) VALUES (20, 18);
INSERT INTO partner (`id`, `company_id`) VALUES (66, 18);
INSERT INTO partner (`id`, `company_id`) VALUES (69, 18);
INSERT INTO partner (`id`, `company_id`) VALUES (42, 19);
INSERT INTO partner (`id`, `company_id`) VALUES (11, 20);
INSERT INTO partner (`id`, `company_id`) VALUES (18, 20);

#
# TABLE STRUCTURE FOR: customer
#

INSERT INTO customer (`id`) VALUES (1);
INSERT INTO customer (`id`) VALUES (2);
INSERT INTO customer (`id`) VALUES (3);
INSERT INTO customer (`id`) VALUES (4);
INSERT INTO customer (`id`) VALUES (6);
INSERT INTO customer (`id`) VALUES (7);
INSERT INTO customer (`id`) VALUES (9);
INSERT INTO customer (`id`) VALUES (10);
INSERT INTO customer (`id`) VALUES (12);
INSERT INTO customer (`id`) VALUES (13);
INSERT INTO customer (`id`) VALUES (14);
INSERT INTO customer (`id`) VALUES (16);
INSERT INTO customer (`id`) VALUES (17);
INSERT INTO customer (`id`) VALUES (18);
INSERT INTO customer (`id`) VALUES (19);
INSERT INTO customer (`id`) VALUES (20);
INSERT INTO customer (`id`) VALUES (21);
INSERT INTO customer (`id`) VALUES (23);
INSERT INTO customer (`id`) VALUES (24);
INSERT INTO customer (`id`) VALUES (26);
INSERT INTO customer (`id`) VALUES (28);
INSERT INTO customer (`id`) VALUES (29);
INSERT INTO customer (`id`) VALUES (31);
INSERT INTO customer (`id`) VALUES (32);
INSERT INTO customer (`id`) VALUES (35);
INSERT INTO customer (`id`) VALUES (37);
INSERT INTO customer (`id`) VALUES (39);
INSERT INTO customer (`id`) VALUES (40);
INSERT INTO customer (`id`) VALUES (41);
INSERT INTO customer (`id`) VALUES (42);
INSERT INTO customer (`id`) VALUES (44);
INSERT INTO customer (`id`) VALUES (45);
INSERT INTO customer (`id`) VALUES (46);
INSERT INTO customer (`id`) VALUES (47);
INSERT INTO customer (`id`) VALUES (48);
INSERT INTO customer (`id`) VALUES (50);
INSERT INTO customer (`id`) VALUES (51);
INSERT INTO customer (`id`) VALUES (52);
INSERT INTO customer (`id`) VALUES (53);
INSERT INTO customer (`id`) VALUES (54);
INSERT INTO customer (`id`) VALUES (56);
INSERT INTO customer (`id`) VALUES (57);
INSERT INTO customer (`id`) VALUES (58);
INSERT INTO customer (`id`) VALUES (59);
INSERT INTO customer (`id`) VALUES (60);
INSERT INTO customer (`id`) VALUES (61);
INSERT INTO customer (`id`) VALUES (63);
INSERT INTO customer (`id`) VALUES (64);
INSERT INTO customer (`id`) VALUES (66);
INSERT INTO customer (`id`) VALUES (67);
INSERT INTO customer (`id`) VALUES (68);
INSERT INTO customer (`id`) VALUES (70);
INSERT INTO customer (`id`) VALUES (71);
INSERT INTO customer (`id`) VALUES (72);
INSERT INTO customer (`id`) VALUES (73);
INSERT INTO customer (`id`) VALUES (74);
INSERT INTO customer (`id`) VALUES (76);
INSERT INTO customer (`id`) VALUES (78);
INSERT INTO customer (`id`) VALUES (79);
INSERT INTO customer (`id`) VALUES (80);

#
# TABLE STRUCTURE FOR: administrator
#

INSERT INTO administrator (`id`) VALUES (1);
INSERT INTO administrator (`id`) VALUES (2);
INSERT INTO administrator (`id`) VALUES (3);
INSERT INTO administrator (`id`) VALUES (5);
INSERT INTO administrator (`id`) VALUES (6);
INSERT INTO administrator (`id`) VALUES (7);
INSERT INTO administrator (`id`) VALUES (8);
INSERT INTO administrator (`id`) VALUES (9);

INSERT INTO user_booking (`User_id`,`bookings_Id`) VALUES (1,00);
INSERT INTO user_booking (`User_id`,`bookings_Id`) VALUES (1,01);
INSERT INTO user_booking (`User_id`,`bookings_Id`) VALUES (1,02);
INSERT INTO user_booking (`User_id`,`bookings_Id`) VALUES (1,03);
INSERT INTO user_booking (`User_id`,`bookings_Id`) VALUES (1,04);
INSERT INTO user_booking (`User_id`,`bookings_Id`) VALUES (1,05);
INSERT INTO user_booking (`User_id`,`bookings_Id`) VALUES (5,06);
INSERT INTO user_booking (`User_id`,`bookings_Id`) VALUES (5,07);
INSERT INTO user_booking (`User_id`,`bookings_Id`) VALUES (5,08);
INSERT INTO user_booking (`User_id`,`bookings_Id`) VALUES (5,09);
INSERT INTO user_booking (`User_id`,`bookings_Id`) VALUES (2,10);
INSERT INTO user_booking (`User_id`,`bookings_Id`) VALUES (1,11);
INSERT INTO user_booking (`User_id`,`bookings_Id`) VALUES (3,12);
INSERT INTO user_booking (`User_id`,`bookings_Id`) VALUES (7,13);
INSERT INTO user_booking (`User_id`,`bookings_Id`) VALUES (8,14);
INSERT INTO user_booking (`User_id`,`bookings_Id`) VALUES (9,15);
INSERT INTO user_booking (`User_id`,`bookings_Id`) VALUES (10,16);
INSERT INTO user_booking (`User_id`,`bookings_Id`) VALUES (12,17);
INSERT INTO user_booking (`User_id`,`bookings_Id`) VALUES (13,18);
INSERT INTO user_booking (`User_id`,`bookings_Id`) VALUES (13,19);
INSERT INTO user_booking (`User_id`,`bookings_Id`) VALUES (13,20);
INSERT INTO user_booking (`User_id`,`bookings_Id`) VALUES (16,21);
INSERT INTO user_booking (`User_id`,`bookings_Id`) VALUES (18,22);
INSERT INTO user_booking (`User_id`,`bookings_Id`) VALUES (18,23);
INSERT INTO user_booking (`User_id`,`bookings_Id`) VALUES (18,24);
INSERT INTO user_booking (`User_id`,`bookings_Id`) VALUES (20,25);
INSERT INTO user_booking (`User_id`,`bookings_Id`) VALUES (20,26);
INSERT INTO user_booking (`User_id`,`bookings_Id`) VALUES (21,27);
INSERT INTO user_booking (`User_id`,`bookings_Id`) VALUES (22,28);
INSERT INTO user_booking (`User_id`,`bookings_Id`) VALUES (22,29);
INSERT INTO user_booking (`User_id`,`bookings_Id`) VALUES (22,30);
INSERT INTO user_booking (`User_id`,`bookings_Id`) VALUES (23,31);
INSERT INTO user_booking (`User_id`,`bookings_Id`) VALUES (30,32);
INSERT INTO user_booking (`User_id`,`bookings_Id`) VALUES (35,33);
INSERT INTO user_booking (`User_id`,`bookings_Id`) VALUES (35,34);
INSERT INTO user_booking (`User_id`,`bookings_Id`) VALUES (37,35);
INSERT INTO user_booking (`User_id`,`bookings_Id`) VALUES (38,36);
INSERT INTO user_booking (`User_id`,`bookings_Id`) VALUES (40,37);
INSERT INTO user_booking (`User_id`,`bookings_Id`) VALUES (40,38);
INSERT INTO user_booking (`User_id`,`bookings_Id`) VALUES (40,39);
INSERT INTO user_booking (`User_id`,`bookings_Id`) VALUES (40,40);
INSERT INTO user_booking (`User_id`,`bookings_Id`) VALUES (40,41);
INSERT INTO user_booking (`User_id`,`bookings_Id`) VALUES (40,42);
INSERT INTO user_booking (`User_id`,`bookings_Id`) VALUES (40,43);
INSERT INTO user_booking (`User_id`,`bookings_Id`) VALUES (40,44);
INSERT INTO user_booking (`User_id`,`bookings_Id`) VALUES (53,45);
INSERT INTO user_booking (`User_id`,`bookings_Id`) VALUES (53,46);
INSERT INTO user_booking (`User_id`,`bookings_Id`) VALUES (53,47);
INSERT INTO user_booking (`User_id`,`bookings_Id`) VALUES (53,48);
INSERT INTO user_booking (`User_id`,`bookings_Id`) VALUES (53,49);
INSERT INTO user_booking (`User_id`,`bookings_Id`) VALUES (53,50);
INSERT INTO user_booking (`User_id`,`bookings_Id`) VALUES (53,51);
INSERT INTO user_booking (`User_id`,`bookings_Id`) VALUES (53,52);
INSERT INTO user_booking (`User_id`,`bookings_Id`) VALUES (53,53);
INSERT INTO user_booking (`User_id`,`bookings_Id`) VALUES (53,54);
INSERT INTO user_booking (`User_id`,`bookings_Id`) VALUES (53,55);
INSERT INTO user_booking (`User_id`,`bookings_Id`) VALUES (53,56);
INSERT INTO user_booking (`User_id`,`bookings_Id`) VALUES (53,57);
INSERT INTO user_booking (`User_id`,`bookings_Id`) VALUES (53,58);
INSERT INTO user_booking (`User_id`,`bookings_Id`) VALUES (53,59);
INSERT INTO user_booking (`User_id`,`bookings_Id`) VALUES (53,60);
INSERT INTO user_booking (`User_id`,`bookings_Id`) VALUES (53,61);
INSERT INTO user_booking (`User_id`,`bookings_Id`) VALUES (53,62);
INSERT INTO user_booking (`User_id`,`bookings_Id`) VALUES (53,63);
INSERT INTO user_booking (`User_id`,`bookings_Id`) VALUES (53,64);
INSERT INTO user_booking (`User_id`,`bookings_Id`) VALUES (53,65);
INSERT INTO user_booking (`User_id`,`bookings_Id`) VALUES (53,66);
INSERT INTO user_booking (`User_id`,`bookings_Id`) VALUES (53,67);
INSERT INTO user_booking (`User_id`,`bookings_Id`) VALUES (53,68);
INSERT INTO user_booking (`User_id`,`bookings_Id`) VALUES (55,69);
INSERT INTO user_booking (`User_id`,`bookings_Id`) VALUES (55,70);
INSERT INTO user_booking (`User_id`,`bookings_Id`) VALUES (55,71);
INSERT INTO user_booking (`User_id`,`bookings_Id`) VALUES (55,72);
INSERT INTO user_booking (`User_id`,`bookings_Id`) VALUES (58,73);
INSERT INTO user_booking (`User_id`,`bookings_Id`) VALUES (58,74);
INSERT INTO user_booking (`User_id`,`bookings_Id`) VALUES (58,75);
INSERT INTO user_booking (`User_id`,`bookings_Id`) VALUES (56,76);
INSERT INTO user_booking (`User_id`,`bookings_Id`) VALUES (56,77);
INSERT INTO user_booking (`User_id`,`bookings_Id`) VALUES (57,78);
INSERT INTO user_booking (`User_id`,`bookings_Id`) VALUES (57,79);
INSERT INTO user_booking (`User_id`,`bookings_Id`) VALUES (57,80);
INSERT INTO user_booking (`User_id`,`bookings_Id`) VALUES (59,81);
INSERT INTO user_booking (`User_id`,`bookings_Id`) VALUES (53,82);
INSERT INTO user_booking (`User_id`,`bookings_Id`) VALUES (53,83);
INSERT INTO user_booking (`User_id`,`bookings_Id`) VALUES (59,84);
INSERT INTO user_booking (`User_id`,`bookings_Id`) VALUES (59,85);
INSERT INTO user_booking (`User_id`,`bookings_Id`) VALUES (59,86);
INSERT INTO user_booking (`User_id`,`bookings_Id`) VALUES (59,87);
INSERT INTO user_booking (`User_id`,`bookings_Id`) VALUES (59,88);
INSERT INTO user_booking (`User_id`,`bookings_Id`) VALUES (53,89);
INSERT INTO user_booking (`User_id`,`bookings_Id`) VALUES (53,90);
INSERT INTO user_booking (`User_id`,`bookings_Id`) VALUES (53,91);
INSERT INTO user_booking (`User_id`,`bookings_Id`) VALUES (53,92);
INSERT INTO user_booking (`User_id`,`bookings_Id`) VALUES (53,93);
INSERT INTO user_booking (`User_id`,`bookings_Id`) VALUES (53,94);
INSERT INTO user_booking (`User_id`,`bookings_Id`) VALUES (53,95);
INSERT INTO user_booking (`User_id`,`bookings_Id`) VALUES (53,96);
INSERT INTO user_booking (`User_id`,`bookings_Id`) VALUES (53,97);
INSERT INTO user_booking (`User_id`,`bookings_Id`) VALUES (53,98);
INSERT INTO user_booking (`User_id`,`bookings_Id`) VALUES (53,99);